State_Code,Rural/Urban,State,Religious_Community,Age,Total_Population,Literate_Population
12,Rural,ARUNACHAL PRADESH,Hindu,7,6089,3263
12,Rural,ARUNACHAL PRADESH,Hindu,8,6448,4257
12,Rural,ARUNACHAL PRADESH,Hindu,9,5476,4030
12,Rural,ARUNACHAL PRADESH,Hindu,10,6969,5180
12,Rural,ARUNACHAL PRADESH,Hindu,11,5623,4491
12,Rural,ARUNACHAL PRADESH,Hindu,12,6598,5289
12,Rural,ARUNACHAL PRADESH,Hindu,13,5465,4547
12,Rural,ARUNACHAL PRADESH,Hindu,14,5552,4593
12,Rural,ARUNACHAL PRADESH,Hindu,15,5787,4607
12,Rural,ARUNACHAL PRADESH,Hindu,16,5344,4278
12,Rural,ARUNACHAL PRADESH,Hindu,17,4419,3437
12,Rural,ARUNACHAL PRADESH,Hindu,18,5891,4283
12,Rural,ARUNACHAL PRADESH,Hindu,19,4285,3105
12,Rural,ARUNACHAL PRADESH,Hindu,20-24,25823,17798
12,Rural,ARUNACHAL PRADESH,Hindu,25-29,24804,15800
12,Rural,ARUNACHAL PRADESH,Hindu,30-34,19963,12001
12,Rural,ARUNACHAL PRADESH,Hindu,35-59,62398,31779
12,Rural,ARUNACHAL PRADESH,Hindu,60+,10505,2807
12,Rural,ARUNACHAL PRADESH,Hindu,Age not stated,277,175
12,Rural,ARUNACHAL PRADESH,Muslim,7,274,139
12,Rural,ARUNACHAL PRADESH,Muslim,8,311,189
12,Rural,ARUNACHAL PRADESH,Muslim,9,267,189
12,Rural,ARUNACHAL PRADESH,Muslim,10,281,185
12,Rural,ARUNACHAL PRADESH,Muslim,11,254,188
12,Rural,ARUNACHAL PRADESH,Muslim,12,275,207
12,Rural,ARUNACHAL PRADESH,Muslim,13,227,183
12,Rural,ARUNACHAL PRADESH,Muslim,14,256,204
12,Rural,ARUNACHAL PRADESH,Muslim,15,236,189
12,Rural,ARUNACHAL PRADESH,Muslim,16,257,188
12,Rural,ARUNACHAL PRADESH,Muslim,17,228,165
12,Rural,ARUNACHAL PRADESH,Muslim,18,312,220
12,Rural,ARUNACHAL PRADESH,Muslim,19,244,171
12,Rural,ARUNACHAL PRADESH,Muslim,20-24,1472,967
12,Rural,ARUNACHAL PRADESH,Muslim,25-29,1511,969
12,Rural,ARUNACHAL PRADESH,Muslim,30-34,1021,615
12,Rural,ARUNACHAL PRADESH,Muslim,35-59,2762,1402
12,Rural,ARUNACHAL PRADESH,Muslim,60+,321,101
12,Rural,ARUNACHAL PRADESH,Muslim,Age not stated,10,8
12,Rural,ARUNACHAL PRADESH,Christian,7,9900,4733
12,Rural,ARUNACHAL PRADESH,Christian,8,10306,6274
12,Rural,ARUNACHAL PRADESH,Christian,9,9029,6125
12,Rural,ARUNACHAL PRADESH,Christian,10,11203,8027
12,Rural,ARUNACHAL PRADESH,Christian,11,9160,7079
12,Rural,ARUNACHAL PRADESH,Christian,12,10645,8574
12,Rural,ARUNACHAL PRADESH,Christian,13,8733,7301
12,Rural,ARUNACHAL PRADESH,Christian,14,9372,7975
12,Rural,ARUNACHAL PRADESH,Christian,15,9597,8060
12,Rural,ARUNACHAL PRADESH,Christian,16,8198,7056
12,Rural,ARUNACHAL PRADESH,Christian,17,6984,5878
12,Rural,ARUNACHAL PRADESH,Christian,18,8609,7076
12,Rural,ARUNACHAL PRADESH,Christian,19,6360,5059
12,Rural,ARUNACHAL PRADESH,Christian,20-24,29888,22481
12,Rural,ARUNACHAL PRADESH,Christian,25-29,27532,17828
12,Rural,ARUNACHAL PRADESH,Christian,30-34,22247,12583
12,Rural,ARUNACHAL PRADESH,Christian,35-59,72535,24464
12,Rural,ARUNACHAL PRADESH,Christian,60+,17059,2056
12,Rural,ARUNACHAL PRADESH,Christian,Age not stated,503,290
12,Rural,ARUNACHAL PRADESH,Sikh,7,21,13
12,Rural,ARUNACHAL PRADESH,Sikh,8,17,10
12,Rural,ARUNACHAL PRADESH,Sikh,9,13,8
12,Rural,ARUNACHAL PRADESH,Sikh,10,14,9
12,Rural,ARUNACHAL PRADESH,Sikh,11,13,11
12,Rural,ARUNACHAL PRADESH,Sikh,12,11,9
12,Rural,ARUNACHAL PRADESH,Sikh,13,14,13
12,Rural,ARUNACHAL PRADESH,Sikh,14,9,9
12,Rural,ARUNACHAL PRADESH,Sikh,15,7,7
12,Rural,ARUNACHAL PRADESH,Sikh,16,12,7
12,Rural,ARUNACHAL PRADESH,Sikh,17,14,12
12,Rural,ARUNACHAL PRADESH,Sikh,18,5,5
12,Rural,ARUNACHAL PRADESH,Sikh,19,11,9
12,Rural,ARUNACHAL PRADESH,Sikh,20-24,226,212
12,Rural,ARUNACHAL PRADESH,Sikh,25-29,369,358
12,Rural,ARUNACHAL PRADESH,Sikh,30-34,321,314
12,Rural,ARUNACHAL PRADESH,Sikh,35-59,405,349
12,Rural,ARUNACHAL PRADESH,Sikh,60+,17,10
12,Rural,ARUNACHAL PRADESH,Sikh,Age not stated,1,1
12,Rural,ARUNACHAL PRADESH,Buddhist,7,3515,1913
12,Rural,ARUNACHAL PRADESH,Buddhist,8,3962,2641
12,Rural,ARUNACHAL PRADESH,Buddhist,9,3432,2574
12,Rural,ARUNACHAL PRADESH,Buddhist,10,4176,3184
12,Rural,ARUNACHAL PRADESH,Buddhist,11,3281,2625
12,Rural,ARUNACHAL PRADESH,Buddhist,12,3860,3187
12,Rural,ARUNACHAL PRADESH,Buddhist,13,3421,2847
12,Rural,ARUNACHAL PRADESH,Buddhist,14,3226,2707
12,Rural,ARUNACHAL PRADESH,Buddhist,15,3190,2532
12,Rural,ARUNACHAL PRADESH,Buddhist,16,2937,2311
12,Rural,ARUNACHAL PRADESH,Buddhist,17,2527,1942
12,Rural,ARUNACHAL PRADESH,Buddhist,18,3220,2255
12,Rural,ARUNACHAL PRADESH,Buddhist,19,2570,1731
12,Rural,ARUNACHAL PRADESH,Buddhist,20-24,13036,7894
12,Rural,ARUNACHAL PRADESH,Buddhist,25-29,12685,6930
12,Rural,ARUNACHAL PRADESH,Buddhist,30-34,10339,5143
12,Rural,ARUNACHAL PRADESH,Buddhist,35-59,29975,10821
12,Rural,ARUNACHAL PRADESH,Buddhist,60+,9869,1651
12,Rural,ARUNACHAL PRADESH,Buddhist,Age not stated,66,37
12,Rural,ARUNACHAL PRADESH,Jain,7,16,8
12,Rural,ARUNACHAL PRADESH,Jain,8,16,8
12,Rural,ARUNACHAL PRADESH,Jain,9,10,6
12,Rural,ARUNACHAL PRADESH,Jain,10,13,6
12,Rural,ARUNACHAL PRADESH,Jain,11,14,11
12,Rural,ARUNACHAL PRADESH,Jain,12,22,14
12,Rural,ARUNACHAL PRADESH,Jain,13,17,13
12,Rural,ARUNACHAL PRADESH,Jain,14,17,14
12,Rural,ARUNACHAL PRADESH,Jain,15,11,9
12,Rural,ARUNACHAL PRADESH,Jain,16,13,9
12,Rural,ARUNACHAL PRADESH,Jain,17,6,4
12,Rural,ARUNACHAL PRADESH,Jain,18,13,9
12,Rural,ARUNACHAL PRADESH,Jain,19,7,6
12,Rural,ARUNACHAL PRADESH,Jain,20-24,50,30
12,Rural,ARUNACHAL PRADESH,Jain,25-29,39,23
12,Rural,ARUNACHAL PRADESH,Jain,30-34,38,20
12,Rural,ARUNACHAL PRADESH,Jain,35-59,134,40
12,Rural,ARUNACHAL PRADESH,Jain,60+,30,5
12,Rural,ARUNACHAL PRADESH,Jain,Age not stated,0,0
12,Rural,ARUNACHAL PRADESH,Other religions and persuasions,7,7303,3754
12,Rural,ARUNACHAL PRADESH,Other religions and persuasions,8,7870,4916
12,Rural,ARUNACHAL PRADESH,Other religions and persuasions,9,7029,4918
12,Rural,ARUNACHAL PRADESH,Other religions and persuasions,10,8695,6350
12,Rural,ARUNACHAL PRADESH,Other religions and persuasions,11,7780,6028
12,Rural,ARUNACHAL PRADESH,Other religions and persuasions,12,8758,7186
12,Rural,ARUNACHAL PRADESH,Other religions and persuasions,13,7184,6134
12,Rural,ARUNACHAL PRADESH,Other religions and persuasions,14,8075,7001
12,Rural,ARUNACHAL PRADESH,Other religions and persuasions,15,8049,6918
12,Rural,ARUNACHAL PRADESH,Other religions and persuasions,16,7211,6279
12,Rural,ARUNACHAL PRADESH,Other religions and persuasions,17,6022,5229
12,Rural,ARUNACHAL PRADESH,Other religions and persuasions,18,7418,6361
12,Rural,ARUNACHAL PRADESH,Other religions and persuasions,19,5442,4570
12,Rural,ARUNACHAL PRADESH,Other religions and persuasions,20-24,26988,21459
12,Rural,ARUNACHAL PRADESH,Other religions and persuasions,25-29,23668,17240
12,Rural,ARUNACHAL PRADESH,Other religions and persuasions,30-34,20152,13042
12,Rural,ARUNACHAL PRADESH,Other religions and persuasions,35-59,66735,26279
12,Rural,ARUNACHAL PRADESH,Other religions and persuasions,60+,18415,2306
12,Rural,ARUNACHAL PRADESH,Other religions and persuasions,Age not stated,293,178
12,Urban,ARUNACHAL PRADESH,Hindu,7,2687,1959
12,Urban,ARUNACHAL PRADESH,Hindu,8,2638,2149
12,Urban,ARUNACHAL PRADESH,Hindu,9,2535,2207
12,Urban,ARUNACHAL PRADESH,Hindu,10,3142,2711
12,Urban,ARUNACHAL PRADESH,Hindu,11,2934,2629
12,Urban,ARUNACHAL PRADESH,Hindu,12,3225,2939
12,Urban,ARUNACHAL PRADESH,Hindu,13,2970,2723
12,Urban,ARUNACHAL PRADESH,Hindu,14,3231,2965
12,Urban,ARUNACHAL PRADESH,Hindu,15,3231,2943
12,Urban,ARUNACHAL PRADESH,Hindu,16,3215,2908
12,Urban,ARUNACHAL PRADESH,Hindu,17,3000,2741
12,Urban,ARUNACHAL PRADESH,Hindu,18,3287,2897
12,Urban,ARUNACHAL PRADESH,Hindu,19,2721,2391
12,Urban,ARUNACHAL PRADESH,Hindu,20-24,15547,13531
12,Urban,ARUNACHAL PRADESH,Hindu,25-29,15806,13509
12,Urban,ARUNACHAL PRADESH,Hindu,30-34,13260,11017
12,Urban,ARUNACHAL PRADESH,Hindu,35-59,42044,33166
12,Urban,ARUNACHAL PRADESH,Hindu,60+,3639,2044
12,Urban,ARUNACHAL PRADESH,Hindu,Age not stated,124,90
12,Urban,ARUNACHAL PRADESH,Muslim,7,326,195
12,Urban,ARUNACHAL PRADESH,Muslim,8,298,233
12,Urban,ARUNACHAL PRADESH,Muslim,9,289,225
12,Urban,ARUNACHAL PRADESH,Muslim,10,366,300
12,Urban,ARUNACHAL PRADESH,Muslim,11,296,246
12,Urban,ARUNACHAL PRADESH,Muslim,12,316,263
12,Urban,ARUNACHAL PRADESH,Muslim,13,284,236
12,Urban,ARUNACHAL PRADESH,Muslim,14,268,228
12,Urban,ARUNACHAL PRADESH,Muslim,15,312,262
12,Urban,ARUNACHAL PRADESH,Muslim,16,309,257
12,Urban,ARUNACHAL PRADESH,Muslim,17,262,208
12,Urban,ARUNACHAL PRADESH,Muslim,18,389,317
12,Urban,ARUNACHAL PRADESH,Muslim,19,326,250
12,Urban,ARUNACHAL PRADESH,Muslim,20-24,1722,1310
12,Urban,ARUNACHAL PRADESH,Muslim,25-29,1705,1262
12,Urban,ARUNACHAL PRADESH,Muslim,30-34,1232,885
12,Urban,ARUNACHAL PRADESH,Muslim,35-59,3472,2252
12,Urban,ARUNACHAL PRADESH,Muslim,60+,267,131
12,Urban,ARUNACHAL PRADESH,Muslim,Age not stated,19,13
12,Urban,ARUNACHAL PRADESH,Christian,7,1818,1299
12,Urban,ARUNACHAL PRADESH,Christian,8,1857,1494
12,Urban,ARUNACHAL PRADESH,Christian,9,1688,1415
12,Urban,ARUNACHAL PRADESH,Christian,10,2023,1724
12,Urban,ARUNACHAL PRADESH,Christian,11,1903,1693
12,Urban,ARUNACHAL PRADESH,Christian,12,2146,1967
12,Urban,ARUNACHAL PRADESH,Christian,13,2081,1920
12,Urban,ARUNACHAL PRADESH,Christian,14,2188,2003
12,Urban,ARUNACHAL PRADESH,Christian,15,2307,2110
12,Urban,ARUNACHAL PRADESH,Christian,16,2175,2024
12,Urban,ARUNACHAL PRADESH,Christian,17,1902,1768
12,Urban,ARUNACHAL PRADESH,Christian,18,2086,1921
12,Urban,ARUNACHAL PRADESH,Christian,19,1627,1502
12,Urban,ARUNACHAL PRADESH,Christian,20-24,7160,6442
12,Urban,ARUNACHAL PRADESH,Christian,25-29,6519,5484
12,Urban,ARUNACHAL PRADESH,Christian,30-34,5150,4067
12,Urban,ARUNACHAL PRADESH,Christian,35-59,12976,8650
12,Urban,ARUNACHAL PRADESH,Christian,60+,1199,419
12,Urban,ARUNACHAL PRADESH,Christian,Age not stated,72,47
12,Urban,ARUNACHAL PRADESH,Sikh,7,4,3
12,Urban,ARUNACHAL PRADESH,Sikh,8,3,3
12,Urban,ARUNACHAL PRADESH,Sikh,9,6,6
12,Urban,ARUNACHAL PRADESH,Sikh,10,8,5
12,Urban,ARUNACHAL PRADESH,Sikh,11,7,7
12,Urban,ARUNACHAL PRADESH,Sikh,12,8,7
12,Urban,ARUNACHAL PRADESH,Sikh,13,2,2
12,Urban,ARUNACHAL PRADESH,Sikh,14,12,12
12,Urban,ARUNACHAL PRADESH,Sikh,15,11,11
12,Urban,ARUNACHAL PRADESH,Sikh,16,3,3
12,Urban,ARUNACHAL PRADESH,Sikh,17,8,8
12,Urban,ARUNACHAL PRADESH,Sikh,18,17,17
12,Urban,ARUNACHAL PRADESH,Sikh,19,13,12
12,Urban,ARUNACHAL PRADESH,Sikh,20-24,215,212
12,Urban,ARUNACHAL PRADESH,Sikh,25-29,418,412
12,Urban,ARUNACHAL PRADESH,Sikh,30-34,462,459
12,Urban,ARUNACHAL PRADESH,Sikh,35-59,415,397
12,Urban,ARUNACHAL PRADESH,Sikh,60+,26,19
12,Urban,ARUNACHAL PRADESH,Sikh,Age not stated,4,4
12,Urban,ARUNACHAL PRADESH,Buddhist,7,375,276
12,Urban,ARUNACHAL PRADESH,Buddhist,8,431,362
12,Urban,ARUNACHAL PRADESH,Buddhist,9,401,350
12,Urban,ARUNACHAL PRADESH,Buddhist,10,457,407
12,Urban,ARUNACHAL PRADESH,Buddhist,11,458,424
12,Urban,ARUNACHAL PRADESH,Buddhist,12,465,434
12,Urban,ARUNACHAL PRADESH,Buddhist,13,490,463
12,Urban,ARUNACHAL PRADESH,Buddhist,14,493,461
12,Urban,ARUNACHAL PRADESH,Buddhist,15,487,449
12,Urban,ARUNACHAL PRADESH,Buddhist,16,487,453
12,Urban,ARUNACHAL PRADESH,Buddhist,17,435,403
12,Urban,ARUNACHAL PRADESH,Buddhist,18,485,450
12,Urban,ARUNACHAL PRADESH,Buddhist,19,399,377
12,Urban,ARUNACHAL PRADESH,Buddhist,20-24,1974,1826
12,Urban,ARUNACHAL PRADESH,Buddhist,25-29,1941,1702
12,Urban,ARUNACHAL PRADESH,Buddhist,30-34,1616,1369
12,Urban,ARUNACHAL PRADESH,Buddhist,35-59,4641,3394
12,Urban,ARUNACHAL PRADESH,Buddhist,60+,747,237
12,Urban,ARUNACHAL PRADESH,Buddhist,Age not stated,17,14
12,Urban,ARUNACHAL PRADESH,Jain,7,2,1
12,Urban,ARUNACHAL PRADESH,Jain,8,3,3
12,Urban,ARUNACHAL PRADESH,Jain,9,5,5
12,Urban,ARUNACHAL PRADESH,Jain,10,2,2
12,Urban,ARUNACHAL PRADESH,Jain,11,9,8
12,Urban,ARUNACHAL PRADESH,Jain,12,2,1
12,Urban,ARUNACHAL PRADESH,Jain,13,6,6
12,Urban,ARUNACHAL PRADESH,Jain,14,4,4
12,Urban,ARUNACHAL PRADESH,Jain,15,5,5
12,Urban,ARUNACHAL PRADESH,Jain,16,6,6
12,Urban,ARUNACHAL PRADESH,Jain,17,5,5
12,Urban,ARUNACHAL PRADESH,Jain,18,8,7
12,Urban,ARUNACHAL PRADESH,Jain,19,8,8
12,Urban,ARUNACHAL PRADESH,Jain,20-24,18,14
12,Urban,ARUNACHAL PRADESH,Jain,25-29,20,17
12,Urban,ARUNACHAL PRADESH,Jain,30-34,14,12
12,Urban,ARUNACHAL PRADESH,Jain,35-59,59,48
12,Urban,ARUNACHAL PRADESH,Jain,60+,8,7
12,Urban,ARUNACHAL PRADESH,Jain,Age not stated,0,0
12,Urban,ARUNACHAL PRADESH,Other religions and persuasions,7,1498,1086
12,Urban,ARUNACHAL PRADESH,Other religions and persuasions,8,1546,1290
12,Urban,ARUNACHAL PRADESH,Other religions and persuasions,9,1431,1247
12,Urban,ARUNACHAL PRADESH,Other religions and persuasions,10,1801,1591
12,Urban,ARUNACHAL PRADESH,Other religions and persuasions,11,1653,1506
12,Urban,ARUNACHAL PRADESH,Other religions and persuasions,12,1894,1763
12,Urban,ARUNACHAL PRADESH,Other religions and persuasions,13,1887,1791
12,Urban,ARUNACHAL PRADESH,Other religions and persuasions,14,2038,1921
12,Urban,ARUNACHAL PRADESH,Other religions and persuasions,15,2244,2107
12,Urban,ARUNACHAL PRADESH,Other religions and persuasions,16,2224,2119
12,Urban,ARUNACHAL PRADESH,Other religions and persuasions,17,1980,1920
12,Urban,ARUNACHAL PRADESH,Other religions and persuasions,18,2116,2012
12,Urban,ARUNACHAL PRADESH,Other religions and persuasions,19,1565,1466
12,Urban,ARUNACHAL PRADESH,Other religions and persuasions,20-24,6985,6511
12,Urban,ARUNACHAL PRADESH,Other religions and persuasions,25-29,6231,5675
12,Urban,ARUNACHAL PRADESH,Other religions and persuasions,30-34,5082,4468
12,Urban,ARUNACHAL PRADESH,Other religions and persuasions,35-59,13431,9991
12,Urban,ARUNACHAL PRADESH,Other religions and persuasions,60+,1368,498
12,Urban,ARUNACHAL PRADESH,Other religions and persuasions,Age not stated,67,40
14,Rural,MANIPUR,Hindu,7,12971,8515
14,Rural,MANIPUR,Hindu,8,12613,9906
14,Rural,MANIPUR,Hindu,9,11356,9586
14,Rural,MANIPUR,Hindu,10,14541,12582
14,Rural,MANIPUR,Hindu,11,12561,11391
14,Rural,MANIPUR,Hindu,12,14006,12970
14,Rural,MANIPUR,Hindu,13,13293,12499
14,Rural,MANIPUR,Hindu,14,12583,11870
14,Rural,MANIPUR,Hindu,15,12657,11930
14,Rural,MANIPUR,Hindu,16,10734,10085
14,Rural,MANIPUR,Hindu,17,10211,9541
14,Rural,MANIPUR,Hindu,18,12290,11396
14,Rural,MANIPUR,Hindu,19,9543,8791
14,Rural,MANIPUR,Hindu,20-24,59648,54187
14,Rural,MANIPUR,Hindu,25-29,62159,54972
14,Rural,MANIPUR,Hindu,30-34,52560,45175
14,Rural,MANIPUR,Hindu,35-59,175346,123902
14,Rural,MANIPUR,Hindu,60+,50952,20419
14,Rural,MANIPUR,Hindu,Age not stated,1660,1162
14,Rural,MANIPUR,Muslim,7,4644,2466
14,Rural,MANIPUR,Muslim,8,4803,3203
14,Rural,MANIPUR,Muslim,9,3818,2746
14,Rural,MANIPUR,Muslim,10,4953,3727
14,Rural,MANIPUR,Muslim,11,3749,3002
14,Rural,MANIPUR,Muslim,12,4405,3591
14,Rural,MANIPUR,Muslim,13,3833,3179
14,Rural,MANIPUR,Muslim,14,3668,3024
14,Rural,MANIPUR,Muslim,15,3840,3111
14,Rural,MANIPUR,Muslim,16,3450,2770
14,Rural,MANIPUR,Muslim,17,2979,2379
14,Rural,MANIPUR,Muslim,18,4267,3262
14,Rural,MANIPUR,Muslim,19,2840,2156
14,Rural,MANIPUR,Muslim,20-24,15165,11009
14,Rural,MANIPUR,Muslim,25-29,13618,9312
14,Rural,MANIPUR,Muslim,30-34,10003,6485
14,Rural,MANIPUR,Muslim,35-59,31052,15250
14,Rural,MANIPUR,Muslim,60+,7166,2109
14,Rural,MANIPUR,Muslim,Age not stated,440,264
14,Rural,MANIPUR,Christian,7,23153,13326
14,Rural,MANIPUR,Christian,8,23522,15848
14,Rural,MANIPUR,Christian,9,21727,15777
14,Rural,MANIPUR,Christian,10,27088,20542
14,Rural,MANIPUR,Christian,11,24088,19308
14,Rural,MANIPUR,Christian,12,26128,21700
14,Rural,MANIPUR,Christian,13,23756,20382
14,Rural,MANIPUR,Christian,14,25378,22023
14,Rural,MANIPUR,Christian,15,26483,23064
14,Rural,MANIPUR,Christian,16,25129,21726
14,Rural,MANIPUR,Christian,17,22860,19709
14,Rural,MANIPUR,Christian,18,28976,24276
14,Rural,MANIPUR,Christian,19,22558,18825
14,Rural,MANIPUR,Christian,20-24,115902,93101
14,Rural,MANIPUR,Christian,25-29,98876,75308
14,Rural,MANIPUR,Christian,30-34,77234,56066
14,Rural,MANIPUR,Christian,35-59,247244,148772
14,Rural,MANIPUR,Christian,60+,62337,25169
14,Rural,MANIPUR,Christian,Age not stated,2794,1927
14,Rural,MANIPUR,Sikh,7,10,7
14,Rural,MANIPUR,Sikh,8,15,15
14,Rural,MANIPUR,Sikh,9,13,10
14,Rural,MANIPUR,Sikh,10,12,9
14,Rural,MANIPUR,Sikh,11,10,9
14,Rural,MANIPUR,Sikh,12,10,8
14,Rural,MANIPUR,Sikh,13,8,7
14,Rural,MANIPUR,Sikh,14,7,6
14,Rural,MANIPUR,Sikh,15,5,4
14,Rural,MANIPUR,Sikh,16,6,6
14,Rural,MANIPUR,Sikh,17,6,6
14,Rural,MANIPUR,Sikh,18,11,10
14,Rural,MANIPUR,Sikh,19,4,3
14,Rural,MANIPUR,Sikh,20-24,75,70
14,Rural,MANIPUR,Sikh,25-29,122,118
14,Rural,MANIPUR,Sikh,30-34,106,96
14,Rural,MANIPUR,Sikh,35-59,204,176
14,Rural,MANIPUR,Sikh,60+,24,11
14,Rural,MANIPUR,Sikh,Age not stated,12,7
14,Rural,MANIPUR,Buddhist,7,91,55
14,Rural,MANIPUR,Buddhist,8,140,106
14,Rural,MANIPUR,Buddhist,9,94,68
14,Rural,MANIPUR,Buddhist,10,149,120
14,Rural,MANIPUR,Buddhist,11,116,96
14,Rural,MANIPUR,Buddhist,12,140,124
14,Rural,MANIPUR,Buddhist,13,87,75
14,Rural,MANIPUR,Buddhist,14,97,89
14,Rural,MANIPUR,Buddhist,15,119,108
14,Rural,MANIPUR,Buddhist,16,105,93
14,Rural,MANIPUR,Buddhist,17,95,84
14,Rural,MANIPUR,Buddhist,18,142,116
14,Rural,MANIPUR,Buddhist,19,95,78
14,Rural,MANIPUR,Buddhist,20-24,472,378
14,Rural,MANIPUR,Buddhist,25-29,427,311
14,Rural,MANIPUR,Buddhist,30-34,322,204
14,Rural,MANIPUR,Buddhist,35-59,882,470
14,Rural,MANIPUR,Buddhist,60+,231,78
14,Rural,MANIPUR,Buddhist,Age not stated,34,25
14,Rural,MANIPUR,Jain,7,8,2
14,Rural,MANIPUR,Jain,8,9,6
14,Rural,MANIPUR,Jain,9,8,4
14,Rural,MANIPUR,Jain,10,15,14
14,Rural,MANIPUR,Jain,11,9,7
14,Rural,MANIPUR,Jain,12,10,6
14,Rural,MANIPUR,Jain,13,9,8
14,Rural,MANIPUR,Jain,14,4,3
14,Rural,MANIPUR,Jain,15,9,5
14,Rural,MANIPUR,Jain,16,10,9
14,Rural,MANIPUR,Jain,17,5,4
14,Rural,MANIPUR,Jain,18,12,9
14,Rural,MANIPUR,Jain,19,11,9
14,Rural,MANIPUR,Jain,20-24,45,37
14,Rural,MANIPUR,Jain,25-29,30,26
14,Rural,MANIPUR,Jain,30-34,18,14
14,Rural,MANIPUR,Jain,35-59,65,45
14,Rural,MANIPUR,Jain,60+,21,10
14,Rural,MANIPUR,Jain,Age not stated,5,2
14,Rural,MANIPUR,Other religions and persuasions,7,2927,1874
14,Rural,MANIPUR,Other religions and persuasions,8,2861,2138
14,Rural,MANIPUR,Other religions and persuasions,9,2559,2132
14,Rural,MANIPUR,Other religions and persuasions,10,3364,2901
14,Rural,MANIPUR,Other religions and persuasions,11,2965,2693
14,Rural,MANIPUR,Other religions and persuasions,12,3121,2882
14,Rural,MANIPUR,Other religions and persuasions,13,2998,2835
14,Rural,MANIPUR,Other religions and persuasions,14,2704,2558
14,Rural,MANIPUR,Other religions and persuasions,15,2894,2712
14,Rural,MANIPUR,Other religions and persuasions,16,2492,2327
14,Rural,MANIPUR,Other religions and persuasions,17,2306,2123
14,Rural,MANIPUR,Other religions and persuasions,18,2813,2551
14,Rural,MANIPUR,Other religions and persuasions,19,2152,1968
14,Rural,MANIPUR,Other religions and persuasions,20-24,12639,11326
14,Rural,MANIPUR,Other religions and persuasions,25-29,13006,11313
14,Rural,MANIPUR,Other religions and persuasions,30-34,11249,9434
14,Rural,MANIPUR,Other religions and persuasions,35-59,37128,25682
14,Rural,MANIPUR,Other religions and persuasions,60+,10627,4431
14,Rural,MANIPUR,Other religions and persuasions,Age not stated,373,250
14,Urban,MANIPUR,Hindu,7,9162,6758
14,Urban,MANIPUR,Hindu,8,8813,7453
14,Urban,MANIPUR,Hindu,9,8222,7319
14,Urban,MANIPUR,Hindu,10,10139,9218
14,Urban,MANIPUR,Hindu,11,9447,8893
14,Urban,MANIPUR,Hindu,12,9980,9524
14,Urban,MANIPUR,Hindu,13,9758,9432
14,Urban,MANIPUR,Hindu,14,9727,9432
14,Urban,MANIPUR,Hindu,15,9638,9305
14,Urban,MANIPUR,Hindu,16,8470,8218
14,Urban,MANIPUR,Hindu,17,8254,7985
14,Urban,MANIPUR,Hindu,18,9363,8957
14,Urban,MANIPUR,Hindu,19,7801,7503
14,Urban,MANIPUR,Hindu,20-24,48040,45883
14,Urban,MANIPUR,Hindu,25-29,53179,50166
14,Urban,MANIPUR,Hindu,30-34,46318,43032
14,Urban,MANIPUR,Hindu,35-59,158345,132530
14,Urban,MANIPUR,Hindu,60+,49679,26921
14,Urban,MANIPUR,Hindu,Age not stated,1223,960
14,Urban,MANIPUR,Muslim,7,2198,1360
14,Urban,MANIPUR,Muslim,8,2388,1737
14,Urban,MANIPUR,Muslim,9,1962,1520
14,Urban,MANIPUR,Muslim,10,2592,2084
14,Urban,MANIPUR,Muslim,11,1906,1591
14,Urban,MANIPUR,Muslim,12,2248,1950
14,Urban,MANIPUR,Muslim,13,2029,1813
14,Urban,MANIPUR,Muslim,14,2003,1762
14,Urban,MANIPUR,Muslim,15,2126,1861
14,Urban,MANIPUR,Muslim,16,1731,1526
14,Urban,MANIPUR,Muslim,17,1604,1430
14,Urban,MANIPUR,Muslim,18,2297,1922
14,Urban,MANIPUR,Muslim,19,1493,1300
14,Urban,MANIPUR,Muslim,20-24,8404,7010
14,Urban,MANIPUR,Muslim,25-29,7864,6190
14,Urban,MANIPUR,Muslim,30-34,5585,4148
14,Urban,MANIPUR,Muslim,35-59,17295,10482
14,Urban,MANIPUR,Muslim,60+,3663,1494
14,Urban,MANIPUR,Muslim,Age not stated,117,67
14,Urban,MANIPUR,Christian,7,2282,1546
14,Urban,MANIPUR,Christian,8,2305,1835
14,Urban,MANIPUR,Christian,9,2224,1849
14,Urban,MANIPUR,Christian,10,2690,2329
14,Urban,MANIPUR,Christian,11,2589,2345
14,Urban,MANIPUR,Christian,12,2682,2506
14,Urban,MANIPUR,Christian,13,2676,2539
14,Urban,MANIPUR,Christian,14,2753,2664
14,Urban,MANIPUR,Christian,15,2842,2745
14,Urban,MANIPUR,Christian,16,2615,2518
14,Urban,MANIPUR,Christian,17,2495,2422
14,Urban,MANIPUR,Christian,18,2703,2594
14,Urban,MANIPUR,Christian,19,2137,2067
14,Urban,MANIPUR,Christian,20-24,11501,10996
14,Urban,MANIPUR,Christian,25-29,10508,9787
14,Urban,MANIPUR,Christian,30-34,8419,7665
14,Urban,MANIPUR,Christian,35-59,27484,23273
14,Urban,MANIPUR,Christian,60+,6644,4188
14,Urban,MANIPUR,Christian,Age not stated,389,323
14,Urban,MANIPUR,Sikh,7,12,11
14,Urban,MANIPUR,Sikh,8,8,7
14,Urban,MANIPUR,Sikh,9,9,8
14,Urban,MANIPUR,Sikh,10,10,9
14,Urban,MANIPUR,Sikh,11,13,12
14,Urban,MANIPUR,Sikh,12,8,8
14,Urban,MANIPUR,Sikh,13,9,9
14,Urban,MANIPUR,Sikh,14,7,7
14,Urban,MANIPUR,Sikh,15,12,11
14,Urban,MANIPUR,Sikh,16,8,8
14,Urban,MANIPUR,Sikh,17,8,8
14,Urban,MANIPUR,Sikh,18,9,9
14,Urban,MANIPUR,Sikh,19,16,15
14,Urban,MANIPUR,Sikh,20-24,66,65
14,Urban,MANIPUR,Sikh,25-29,87,86
14,Urban,MANIPUR,Sikh,30-34,82,79
14,Urban,MANIPUR,Sikh,35-59,248,230
14,Urban,MANIPUR,Sikh,60+,78,66
14,Urban,MANIPUR,Sikh,Age not stated,5,3
14,Urban,MANIPUR,Buddhist,7,40,32
14,Urban,MANIPUR,Buddhist,8,49,41
14,Urban,MANIPUR,Buddhist,9,40,36
14,Urban,MANIPUR,Buddhist,10,41,35
14,Urban,MANIPUR,Buddhist,11,57,52
14,Urban,MANIPUR,Buddhist,12,51,48
14,Urban,MANIPUR,Buddhist,13,59,58
14,Urban,MANIPUR,Buddhist,14,78,77
14,Urban,MANIPUR,Buddhist,15,49,46
14,Urban,MANIPUR,Buddhist,16,62,59
14,Urban,MANIPUR,Buddhist,17,44,43
14,Urban,MANIPUR,Buddhist,18,62,61
14,Urban,MANIPUR,Buddhist,19,44,43
14,Urban,MANIPUR,Buddhist,20-24,236,228
14,Urban,MANIPUR,Buddhist,25-29,241,234
14,Urban,MANIPUR,Buddhist,30-34,181,172
14,Urban,MANIPUR,Buddhist,35-59,703,647
14,Urban,MANIPUR,Buddhist,60+,177,114
14,Urban,MANIPUR,Buddhist,Age not stated,18,16
14,Urban,MANIPUR,Jain,7,18,15
14,Urban,MANIPUR,Jain,8,18,17
14,Urban,MANIPUR,Jain,9,22,21
14,Urban,MANIPUR,Jain,10,19,18
14,Urban,MANIPUR,Jain,11,21,21
14,Urban,MANIPUR,Jain,12,23,22
14,Urban,MANIPUR,Jain,13,29,28
14,Urban,MANIPUR,Jain,14,20,20
14,Urban,MANIPUR,Jain,15,25,23
14,Urban,MANIPUR,Jain,16,14,14
14,Urban,MANIPUR,Jain,17,26,26
14,Urban,MANIPUR,Jain,18,17,17
14,Urban,MANIPUR,Jain,19,14,14
14,Urban,MANIPUR,Jain,20-24,92,89
14,Urban,MANIPUR,Jain,25-29,109,105
14,Urban,MANIPUR,Jain,30-34,113,112
14,Urban,MANIPUR,Jain,35-59,462,449
14,Urban,MANIPUR,Jain,60+,138,126
14,Urban,MANIPUR,Jain,Age not stated,1,1
14,Urban,MANIPUR,Other religions and persuasions,7,1683,1267
14,Urban,MANIPUR,Other religions and persuasions,8,1604,1401
14,Urban,MANIPUR,Other religions and persuasions,9,1430,1283
14,Urban,MANIPUR,Other religions and persuasions,10,1839,1669
14,Urban,MANIPUR,Other religions and persuasions,11,1719,1625
14,Urban,MANIPUR,Other religions and persuasions,12,1844,1788
14,Urban,MANIPUR,Other religions and persuasions,13,1769,1718
14,Urban,MANIPUR,Other religions and persuasions,14,1737,1701
14,Urban,MANIPUR,Other religions and persuasions,15,1735,1684
14,Urban,MANIPUR,Other religions and persuasions,16,1488,1457
14,Urban,MANIPUR,Other religions and persuasions,17,1475,1427
14,Urban,MANIPUR,Other religions and persuasions,18,1589,1543
14,Urban,MANIPUR,Other religions and persuasions,19,1382,1316
14,Urban,MANIPUR,Other religions and persuasions,20-24,8376,8047
14,Urban,MANIPUR,Other religions and persuasions,25-29,9259,8786
14,Urban,MANIPUR,Other religions and persuasions,30-34,8078,7601
14,Urban,MANIPUR,Other religions and persuasions,35-59,27723,23476
14,Urban,MANIPUR,Other religions and persuasions,60+,7831,4406
14,Urban,MANIPUR,Other religions and persuasions,Age not stated,257,185
15,Rural,MIZORAM,Hindu,7,158,102
15,Rural,MIZORAM,Hindu,8,144,120
15,Rural,MIZORAM,Hindu,9,121,101
15,Rural,MIZORAM,Hindu,10,147,120
15,Rural,MIZORAM,Hindu,11,135,111
15,Rural,MIZORAM,Hindu,12,128,107
15,Rural,MIZORAM,Hindu,13,125,111
15,Rural,MIZORAM,Hindu,14,114,94
15,Rural,MIZORAM,Hindu,15,121,97
15,Rural,MIZORAM,Hindu,16,86,70
15,Rural,MIZORAM,Hindu,17,82,67
15,Rural,MIZORAM,Hindu,18,98,72
15,Rural,MIZORAM,Hindu,19,102,76
15,Rural,MIZORAM,Hindu,20-24,668,523
15,Rural,MIZORAM,Hindu,25-29,857,679
15,Rural,MIZORAM,Hindu,30-34,738,600
15,Rural,MIZORAM,Hindu,35-59,1969,1522
15,Rural,MIZORAM,Hindu,60+,234,95
15,Rural,MIZORAM,Hindu,Age not stated,0,0
15,Rural,MIZORAM,Muslim,7,204,109
15,Rural,MIZORAM,Muslim,8,203,131
15,Rural,MIZORAM,Muslim,9,173,119
15,Rural,MIZORAM,Muslim,10,219,151
15,Rural,MIZORAM,Muslim,11,152,107
15,Rural,MIZORAM,Muslim,12,150,102
15,Rural,MIZORAM,Muslim,13,127,92
15,Rural,MIZORAM,Muslim,14,113,82
15,Rural,MIZORAM,Muslim,15,135,82
15,Rural,MIZORAM,Muslim,16,129,91
15,Rural,MIZORAM,Muslim,17,101,59
15,Rural,MIZORAM,Muslim,18,141,97
15,Rural,MIZORAM,Muslim,19,107,67
15,Rural,MIZORAM,Muslim,20-24,620,392
15,Rural,MIZORAM,Muslim,25-29,609,366
15,Rural,MIZORAM,Muslim,30-34,483,294
15,Rural,MIZORAM,Muslim,35-59,1240,747
15,Rural,MIZORAM,Muslim,60+,208,127
15,Rural,MIZORAM,Muslim,Age not stated,9,8
15,Rural,MIZORAM,Christian,7,10308,8141
15,Rural,MIZORAM,Christian,8,9815,8890
15,Rural,MIZORAM,Christian,9,9431,8834
15,Rural,MIZORAM,Christian,10,10372,9720
15,Rural,MIZORAM,Christian,11,9216,8870
15,Rural,MIZORAM,Christian,12,9187,8959
15,Rural,MIZORAM,Christian,13,9028,8829
15,Rural,MIZORAM,Christian,14,8705,8516
15,Rural,MIZORAM,Christian,15,8346,8148
15,Rural,MIZORAM,Christian,16,8299,8121
15,Rural,MIZORAM,Christian,17,7890,7675
15,Rural,MIZORAM,Christian,18,7821,7549
15,Rural,MIZORAM,Christian,19,7297,6996
15,Rural,MIZORAM,Christian,20-24,39564,37718
15,Rural,MIZORAM,Christian,25-29,37020,34917
15,Rural,MIZORAM,Christian,30-34,31649,29866
15,Rural,MIZORAM,Christian,35-59,94791,85557
15,Rural,MIZORAM,Christian,60+,28486,23199
15,Rural,MIZORAM,Christian,Age not stated,237,191
15,Rural,MIZORAM,Sikh,7,0,0
15,Rural,MIZORAM,Sikh,8,1,1
15,Rural,MIZORAM,Sikh,9,3,3
15,Rural,MIZORAM,Sikh,10,2,2
15,Rural,MIZORAM,Sikh,11,0,0
15,Rural,MIZORAM,Sikh,12,2,1
15,Rural,MIZORAM,Sikh,13,2,2
15,Rural,MIZORAM,Sikh,14,0,0
15,Rural,MIZORAM,Sikh,15,1,0
15,Rural,MIZORAM,Sikh,16,0,0
15,Rural,MIZORAM,Sikh,17,0,0
15,Rural,MIZORAM,Sikh,18,2,0
15,Rural,MIZORAM,Sikh,19,0,0
15,Rural,MIZORAM,Sikh,20-24,7,6
15,Rural,MIZORAM,Sikh,25-29,9,8
15,Rural,MIZORAM,Sikh,30-34,14,10
15,Rural,MIZORAM,Sikh,35-59,30,25
15,Rural,MIZORAM,Sikh,60+,0,0
15,Rural,MIZORAM,Sikh,Age not stated,1,1
15,Rural,MIZORAM,Buddhist,7,2669,1201
15,Rural,MIZORAM,Buddhist,8,2742,1529
15,Rural,MIZORAM,Buddhist,9,2442,1520
15,Rural,MIZORAM,Buddhist,10,2721,1727
15,Rural,MIZORAM,Buddhist,11,2554,1728
15,Rural,MIZORAM,Buddhist,12,2386,1613
15,Rural,MIZORAM,Buddhist,13,2260,1553
15,Rural,MIZORAM,Buddhist,14,2093,1433
15,Rural,MIZORAM,Buddhist,15,1990,1260
15,Rural,MIZORAM,Buddhist,16,1796,1082
15,Rural,MIZORAM,Buddhist,17,1620,925
15,Rural,MIZORAM,Buddhist,18,2052,1085
15,Rural,MIZORAM,Buddhist,19,1949,921
15,Rural,MIZORAM,Buddhist,20-24,10005,4519
15,Rural,MIZORAM,Buddhist,25-29,7809,3420
15,Rural,MIZORAM,Buddhist,30-34,5792,2434
15,Rural,MIZORAM,Buddhist,35-59,16130,5260
15,Rural,MIZORAM,Buddhist,60+,3492,778
15,Rural,MIZORAM,Buddhist,Age not stated,20,9
15,Rural,MIZORAM,Jain,7,3,2
15,Rural,MIZORAM,Jain,8,12,9
15,Rural,MIZORAM,Jain,9,8,6
15,Rural,MIZORAM,Jain,10,11,8
15,Rural,MIZORAM,Jain,11,9,7
15,Rural,MIZORAM,Jain,12,12,9
15,Rural,MIZORAM,Jain,13,9,8
15,Rural,MIZORAM,Jain,14,11,9
15,Rural,MIZORAM,Jain,15,7,5
15,Rural,MIZORAM,Jain,16,9,7
15,Rural,MIZORAM,Jain,17,2,1
15,Rural,MIZORAM,Jain,18,5,3
15,Rural,MIZORAM,Jain,19,6,5
15,Rural,MIZORAM,Jain,20-24,30,14
15,Rural,MIZORAM,Jain,25-29,19,10
15,Rural,MIZORAM,Jain,30-34,11,5
15,Rural,MIZORAM,Jain,35-59,28,8
15,Rural,MIZORAM,Jain,60+,14,7
15,Rural,MIZORAM,Jain,Age not stated,0,0
15,Rural,MIZORAM,Other religions and persuasions,7,8,6
15,Rural,MIZORAM,Other religions and persuasions,8,12,12
15,Rural,MIZORAM,Other religions and persuasions,9,6,6
15,Rural,MIZORAM,Other religions and persuasions,10,7,7
15,Rural,MIZORAM,Other religions and persuasions,11,11,11
15,Rural,MIZORAM,Other religions and persuasions,12,13,13
15,Rural,MIZORAM,Other religions and persuasions,13,6,6
15,Rural,MIZORAM,Other religions and persuasions,14,10,10
15,Rural,MIZORAM,Other religions and persuasions,15,11,11
15,Rural,MIZORAM,Other religions and persuasions,16,5,5
15,Rural,MIZORAM,Other religions and persuasions,17,8,8
15,Rural,MIZORAM,Other religions and persuasions,18,1,1
15,Rural,MIZORAM,Other religions and persuasions,19,8,7
15,Rural,MIZORAM,Other religions and persuasions,20-24,42,42
15,Rural,MIZORAM,Other religions and persuasions,25-29,39,39
15,Rural,MIZORAM,Other religions and persuasions,30-34,39,37
15,Rural,MIZORAM,Other religions and persuasions,35-59,104,98
15,Rural,MIZORAM,Other religions and persuasions,60+,45,43
15,Rural,MIZORAM,Other religions and persuasions,Age not stated,1,1
15,Urban,MIZORAM,Hindu,7,358,327
15,Urban,MIZORAM,Hindu,8,338,325
15,Urban,MIZORAM,Hindu,9,324,316
15,Urban,MIZORAM,Hindu,10,345,334
15,Urban,MIZORAM,Hindu,11,350,343
15,Urban,MIZORAM,Hindu,12,353,345
15,Urban,MIZORAM,Hindu,13,301,296
15,Urban,MIZORAM,Hindu,14,344,337
15,Urban,MIZORAM,Hindu,15,296,288
15,Urban,MIZORAM,Hindu,16,340,333
15,Urban,MIZORAM,Hindu,17,326,320
15,Urban,MIZORAM,Hindu,18,416,409
15,Urban,MIZORAM,Hindu,19,334,327
15,Urban,MIZORAM,Hindu,20-24,2403,2326
15,Urban,MIZORAM,Hindu,25-29,2956,2880
15,Urban,MIZORAM,Hindu,30-34,2723,2637
15,Urban,MIZORAM,Hindu,35-59,7623,7236
15,Urban,MIZORAM,Hindu,60+,538,456
15,Urban,MIZORAM,Hindu,Age not stated,21,19
15,Urban,MIZORAM,Muslim,7,128,95
15,Urban,MIZORAM,Muslim,8,121,95
15,Urban,MIZORAM,Muslim,9,104,91
15,Urban,MIZORAM,Muslim,10,121,98
15,Urban,MIZORAM,Muslim,11,98,91
15,Urban,MIZORAM,Muslim,12,87,75
15,Urban,MIZORAM,Muslim,13,91,83
15,Urban,MIZORAM,Muslim,14,109,100
15,Urban,MIZORAM,Muslim,15,126,115
15,Urban,MIZORAM,Muslim,16,130,111
15,Urban,MIZORAM,Muslim,17,163,150
15,Urban,MIZORAM,Muslim,18,264,222
15,Urban,MIZORAM,Muslim,19,217,195
15,Urban,MIZORAM,Muslim,20-24,1364,1216
15,Urban,MIZORAM,Muslim,25-29,1225,1105
15,Urban,MIZORAM,Muslim,30-34,882,795
15,Urban,MIZORAM,Muslim,35-59,1878,1651
15,Urban,MIZORAM,Muslim,60+,218,180
15,Urban,MIZORAM,Muslim,Age not stated,19,18
15,Urban,MIZORAM,Christian,7,10183,9001
15,Urban,MIZORAM,Christian,8,9988,9646
15,Urban,MIZORAM,Christian,9,10284,10094
15,Urban,MIZORAM,Christian,10,11282,10988
15,Urban,MIZORAM,Christian,11,10754,10624
15,Urban,MIZORAM,Christian,12,10566,10501
15,Urban,MIZORAM,Christian,13,10696,10627
15,Urban,MIZORAM,Christian,14,10954,10884
15,Urban,MIZORAM,Christian,15,11239,11151
15,Urban,MIZORAM,Christian,16,11449,11374
15,Urban,MIZORAM,Christian,17,11289,11206
15,Urban,MIZORAM,Christian,18,11854,11779
15,Urban,MIZORAM,Christian,19,11159,11083
15,Urban,MIZORAM,Christian,20-24,56494,56003
15,Urban,MIZORAM,Christian,25-29,51398,50865
15,Urban,MIZORAM,Christian,30-34,45751,45190
15,Urban,MIZORAM,Christian,35-59,134586,131613
15,Urban,MIZORAM,Christian,60+,35262,32702
15,Urban,MIZORAM,Christian,Age not stated,276,243
15,Urban,MIZORAM,Sikh,7,5,4
15,Urban,MIZORAM,Sikh,8,1,1
15,Urban,MIZORAM,Sikh,9,3,3
15,Urban,MIZORAM,Sikh,10,1,1
15,Urban,MIZORAM,Sikh,11,4,4
15,Urban,MIZORAM,Sikh,12,0,0
15,Urban,MIZORAM,Sikh,13,1,1
15,Urban,MIZORAM,Sikh,14,1,1
15,Urban,MIZORAM,Sikh,15,1,1
15,Urban,MIZORAM,Sikh,16,2,2
15,Urban,MIZORAM,Sikh,17,0,0
15,Urban,MIZORAM,Sikh,18,2,2
15,Urban,MIZORAM,Sikh,19,2,2
15,Urban,MIZORAM,Sikh,20-24,18,18
15,Urban,MIZORAM,Sikh,25-29,26,26
15,Urban,MIZORAM,Sikh,30-34,38,38
15,Urban,MIZORAM,Sikh,35-59,74,72
15,Urban,MIZORAM,Sikh,60+,4,4
15,Urban,MIZORAM,Sikh,Age not stated,0,0
15,Urban,MIZORAM,Buddhist,7,33,30
15,Urban,MIZORAM,Buddhist,8,31,29
15,Urban,MIZORAM,Buddhist,9,31,30
15,Urban,MIZORAM,Buddhist,10,56,52
15,Urban,MIZORAM,Buddhist,11,67,64
15,Urban,MIZORAM,Buddhist,12,73,73
15,Urban,MIZORAM,Buddhist,13,59,59
15,Urban,MIZORAM,Buddhist,14,77,76
15,Urban,MIZORAM,Buddhist,15,73,71
15,Urban,MIZORAM,Buddhist,16,77,76
15,Urban,MIZORAM,Buddhist,17,60,56
15,Urban,MIZORAM,Buddhist,18,79,76
15,Urban,MIZORAM,Buddhist,19,62,60
15,Urban,MIZORAM,Buddhist,20-24,333,316
15,Urban,MIZORAM,Buddhist,25-29,256,227
15,Urban,MIZORAM,Buddhist,30-34,171,155
15,Urban,MIZORAM,Buddhist,35-59,457,398
15,Urban,MIZORAM,Buddhist,60+,43,28
15,Urban,MIZORAM,Buddhist,Age not stated,1,1
15,Urban,MIZORAM,Jain,7,3,3
15,Urban,MIZORAM,Jain,8,1,1
15,Urban,MIZORAM,Jain,9,6,6
15,Urban,MIZORAM,Jain,10,2,2
15,Urban,MIZORAM,Jain,11,3,3
15,Urban,MIZORAM,Jain,12,3,3
15,Urban,MIZORAM,Jain,13,5,5
15,Urban,MIZORAM,Jain,14,3,3
15,Urban,MIZORAM,Jain,15,4,4
15,Urban,MIZORAM,Jain,16,3,3
15,Urban,MIZORAM,Jain,17,2,2
15,Urban,MIZORAM,Jain,18,6,6
15,Urban,MIZORAM,Jain,19,3,3
15,Urban,MIZORAM,Jain,20-24,10,10
15,Urban,MIZORAM,Jain,25-29,16,16
15,Urban,MIZORAM,Jain,30-34,5,5
15,Urban,MIZORAM,Jain,35-59,17,17
15,Urban,MIZORAM,Jain,60+,2,2
15,Urban,MIZORAM,Jain,Age not stated,0,0
15,Urban,MIZORAM,Other religions and persuasions,7,9,9
15,Urban,MIZORAM,Other religions and persuasions,8,3,3
15,Urban,MIZORAM,Other religions and persuasions,9,6,6
15,Urban,MIZORAM,Other religions and persuasions,10,6,5
15,Urban,MIZORAM,Other religions and persuasions,11,8,8
15,Urban,MIZORAM,Other religions and persuasions,12,5,5
15,Urban,MIZORAM,Other religions and persuasions,13,1,1
15,Urban,MIZORAM,Other religions and persuasions,14,9,9
15,Urban,MIZORAM,Other religions and persuasions,15,2,2
15,Urban,MIZORAM,Other religions and persuasions,16,6,6
15,Urban,MIZORAM,Other religions and persuasions,17,13,12
15,Urban,MIZORAM,Other religions and persuasions,18,6,6
15,Urban,MIZORAM,Other religions and persuasions,19,18,18
15,Urban,MIZORAM,Other religions and persuasions,20-24,53,53
15,Urban,MIZORAM,Other religions and persuasions,25-29,35,34
15,Urban,MIZORAM,Other religions and persuasions,30-34,31,30
15,Urban,MIZORAM,Other religions and persuasions,35-59,83,82
15,Urban,MIZORAM,Other religions and persuasions,60+,40,37
15,Urban,MIZORAM,Other religions and persuasions,Age not stated,0,0
16,Rural,TRIPURA,Hindu,7,40076,32389
16,Rural,TRIPURA,Hindu,8,41219,37922
16,Rural,TRIPURA,Hindu,9,40431,38231
16,Rural,TRIPURA,Hindu,10,45399,42694
16,Rural,TRIPURA,Hindu,11,42226,40585
16,Rural,TRIPURA,Hindu,12,45154,43411
16,Rural,TRIPURA,Hindu,13,42261,40899
16,Rural,TRIPURA,Hindu,14,41757,40213
16,Rural,TRIPURA,Hindu,15,43211,41156
16,Rural,TRIPURA,Hindu,16,42788,40737
16,Rural,TRIPURA,Hindu,17,39926,37948
16,Rural,TRIPURA,Hindu,18,46363,43195
16,Rural,TRIPURA,Hindu,19,41102,38486
16,Rural,TRIPURA,Hindu,20-24,222447,206131
16,Rural,TRIPURA,Hindu,25-29,203966,185336
16,Rural,TRIPURA,Hindu,30-34,167176,150064
16,Rural,TRIPURA,Hindu,35-59,567884,457049
16,Rural,TRIPURA,Hindu,60+,174574,100781
16,Rural,TRIPURA,Hindu,Age not stated,801,589
16,Rural,TRIPURA,Muslim,7,6161,4981
16,Rural,TRIPURA,Muslim,8,6269,5898
16,Rural,TRIPURA,Muslim,9,6455,6202
16,Rural,TRIPURA,Muslim,10,6993,6727
16,Rural,TRIPURA,Muslim,11,6562,6414
16,Rural,TRIPURA,Muslim,12,7205,7047
16,Rural,TRIPURA,Muslim,13,6406,6267
16,Rural,TRIPURA,Muslim,14,6472,6326
16,Rural,TRIPURA,Muslim,15,6167,5976
16,Rural,TRIPURA,Muslim,16,6405,6200
16,Rural,TRIPURA,Muslim,17,5984,5771
16,Rural,TRIPURA,Muslim,18,6965,6580
16,Rural,TRIPURA,Muslim,19,5902,5613
16,Rural,TRIPURA,Muslim,20-24,29126,27124
16,Rural,TRIPURA,Muslim,25-29,23074,20426
16,Rural,TRIPURA,Muslim,30-34,17514,14716
16,Rural,TRIPURA,Muslim,35-59,57379,39112
16,Rural,TRIPURA,Muslim,60+,15775,6901
16,Rural,TRIPURA,Muslim,Age not stated,80,52
16,Rural,TRIPURA,Christian,7,3306,2622
16,Rural,TRIPURA,Christian,8,3438,3104
16,Rural,TRIPURA,Christian,9,3285,3053
16,Rural,TRIPURA,Christian,10,3738,3468
16,Rural,TRIPURA,Christian,11,3385,3238
16,Rural,TRIPURA,Christian,12,3778,3626
16,Rural,TRIPURA,Christian,13,3531,3394
16,Rural,TRIPURA,Christian,14,3593,3437
16,Rural,TRIPURA,Christian,15,3575,3391
16,Rural,TRIPURA,Christian,16,3535,3380
16,Rural,TRIPURA,Christian,17,3197,3043
16,Rural,TRIPURA,Christian,18,3584,3335
16,Rural,TRIPURA,Christian,19,3209,3003
16,Rural,TRIPURA,Christian,20-24,16752,15373
16,Rural,TRIPURA,Christian,25-29,14824,13369
16,Rural,TRIPURA,Christian,30-34,11745,10414
16,Rural,TRIPURA,Christian,35-59,32921,25371
16,Rural,TRIPURA,Christian,60+,7963,4094
16,Rural,TRIPURA,Christian,Age not stated,41,27
16,Rural,TRIPURA,Sikh,7,4,1
16,Rural,TRIPURA,Sikh,8,8,8
16,Rural,TRIPURA,Sikh,9,13,12
16,Rural,TRIPURA,Sikh,10,7,7
16,Rural,TRIPURA,Sikh,11,12,9
16,Rural,TRIPURA,Sikh,12,6,6
16,Rural,TRIPURA,Sikh,13,11,11
16,Rural,TRIPURA,Sikh,14,13,12
16,Rural,TRIPURA,Sikh,15,3,2
16,Rural,TRIPURA,Sikh,16,8,8
16,Rural,TRIPURA,Sikh,17,4,3
16,Rural,TRIPURA,Sikh,18,4,4
16,Rural,TRIPURA,Sikh,19,9,8
16,Rural,TRIPURA,Sikh,20-24,91,86
16,Rural,TRIPURA,Sikh,25-29,88,84
16,Rural,TRIPURA,Sikh,30-34,65,62
16,Rural,TRIPURA,Sikh,35-59,289,257
16,Rural,TRIPURA,Sikh,60+,29,23
16,Rural,TRIPURA,Sikh,Age not stated,2,1
16,Rural,TRIPURA,Buddhist,7,2651,1996
16,Rural,TRIPURA,Buddhist,8,2842,2497
16,Rural,TRIPURA,Buddhist,9,2647,2438
16,Rural,TRIPURA,Buddhist,10,2984,2762
16,Rural,TRIPURA,Buddhist,11,2714,2530
16,Rural,TRIPURA,Buddhist,12,3022,2832
16,Rural,TRIPURA,Buddhist,13,2688,2519
16,Rural,TRIPURA,Buddhist,14,2519,2351
16,Rural,TRIPURA,Buddhist,15,2590,2390
16,Rural,TRIPURA,Buddhist,16,2521,2288
16,Rural,TRIPURA,Buddhist,17,2213,1980
16,Rural,TRIPURA,Buddhist,18,2733,2381
16,Rural,TRIPURA,Buddhist,19,2391,2079
16,Rural,TRIPURA,Buddhist,20-24,11992,9931
16,Rural,TRIPURA,Buddhist,25-29,10454,7978
16,Rural,TRIPURA,Buddhist,30-34,8071,5893
16,Rural,TRIPURA,Buddhist,35-59,25331,14491
16,Rural,TRIPURA,Buddhist,60+,7100,2559
16,Rural,TRIPURA,Buddhist,Age not stated,53,26
16,Rural,TRIPURA,Jain,7,4,4
16,Rural,TRIPURA,Jain,8,8,7
16,Rural,TRIPURA,Jain,9,7,7
16,Rural,TRIPURA,Jain,10,9,9
16,Rural,TRIPURA,Jain,11,7,6
16,Rural,TRIPURA,Jain,12,10,10
16,Rural,TRIPURA,Jain,13,11,10
16,Rural,TRIPURA,Jain,14,6,3
16,Rural,TRIPURA,Jain,15,9,7
16,Rural,TRIPURA,Jain,16,6,6
16,Rural,TRIPURA,Jain,17,6,6
16,Rural,TRIPURA,Jain,18,14,13
16,Rural,TRIPURA,Jain,19,9,6
16,Rural,TRIPURA,Jain,20-24,48,40
16,Rural,TRIPURA,Jain,25-29,33,28
16,Rural,TRIPURA,Jain,30-34,23,18
16,Rural,TRIPURA,Jain,35-59,109,78
16,Rural,TRIPURA,Jain,60+,33,19
16,Rural,TRIPURA,Jain,Age not stated,0,0
16,Rural,TRIPURA,Other religions and persuasions,7,34,26
16,Rural,TRIPURA,Other religions and persuasions,8,21,21
16,Rural,TRIPURA,Other religions and persuasions,9,25,24
16,Rural,TRIPURA,Other religions and persuasions,10,18,18
16,Rural,TRIPURA,Other religions and persuasions,11,22,22
16,Rural,TRIPURA,Other religions and persuasions,12,24,24
16,Rural,TRIPURA,Other religions and persuasions,13,20,19
16,Rural,TRIPURA,Other religions and persuasions,14,23,23
16,Rural,TRIPURA,Other religions and persuasions,15,22,22
16,Rural,TRIPURA,Other religions and persuasions,16,22,20
16,Rural,TRIPURA,Other religions and persuasions,17,18,18
16,Rural,TRIPURA,Other religions and persuasions,18,31,30
16,Rural,TRIPURA,Other religions and persuasions,19,30,28
16,Rural,TRIPURA,Other religions and persuasions,20-24,134,123
16,Rural,TRIPURA,Other religions and persuasions,25-29,157,149
16,Rural,TRIPURA,Other religions and persuasions,30-34,90,87
16,Rural,TRIPURA,Other religions and persuasions,35-59,305,269
16,Rural,TRIPURA,Other religions and persuasions,60+,86,61
16,Rural,TRIPURA,Other religions and persuasions,Age not stated,0,0
16,Urban,TRIPURA,Hindu,7,12764,11272
16,Urban,TRIPURA,Hindu,8,13244,12855
16,Urban,TRIPURA,Hindu,9,13095,12821
16,Urban,TRIPURA,Hindu,10,13748,13357
16,Urban,TRIPURA,Hindu,11,13718,13498
16,Urban,TRIPURA,Hindu,12,13506,13305
16,Urban,TRIPURA,Hindu,13,12978,12820
16,Urban,TRIPURA,Hindu,14,13625,13413
16,Urban,TRIPURA,Hindu,15,13943,13703
16,Urban,TRIPURA,Hindu,16,14659,14425
16,Urban,TRIPURA,Hindu,17,14555,14292
16,Urban,TRIPURA,Hindu,18,16100,15699
16,Urban,TRIPURA,Hindu,19,16032,15704
16,Urban,TRIPURA,Hindu,20-24,85008,82998
16,Urban,TRIPURA,Hindu,25-29,84898,82506
16,Urban,TRIPURA,Hindu,30-34,77183,74698
16,Urban,TRIPURA,Hindu,35-59,301504,280674
16,Urban,TRIPURA,Hindu,60+,80420,64191
16,Urban,TRIPURA,Hindu,Age not stated,532,449
16,Urban,TRIPURA,Muslim,7,934,771
16,Urban,TRIPURA,Muslim,8,970,916
16,Urban,TRIPURA,Muslim,9,982,941
16,Urban,TRIPURA,Muslim,10,1035,997
16,Urban,TRIPURA,Muslim,11,995,969
16,Urban,TRIPURA,Muslim,12,997,957
16,Urban,TRIPURA,Muslim,13,940,913
16,Urban,TRIPURA,Muslim,14,966,936
16,Urban,TRIPURA,Muslim,15,1010,969
16,Urban,TRIPURA,Muslim,16,1076,1025
16,Urban,TRIPURA,Muslim,17,1040,984
16,Urban,TRIPURA,Muslim,18,1230,1144
16,Urban,TRIPURA,Muslim,19,1086,1023
16,Urban,TRIPURA,Muslim,20-24,5413,4985
16,Urban,TRIPURA,Muslim,25-29,4525,3990
16,Urban,TRIPURA,Muslim,30-34,3266,2808
16,Urban,TRIPURA,Muslim,35-59,10998,8019
16,Urban,TRIPURA,Muslim,60+,2402,1161
16,Urban,TRIPURA,Muslim,Age not stated,14,9
16,Urban,TRIPURA,Christian,7,142,121
16,Urban,TRIPURA,Christian,8,146,145
16,Urban,TRIPURA,Christian,9,164,163
16,Urban,TRIPURA,Christian,10,167,164
16,Urban,TRIPURA,Christian,11,191,188
16,Urban,TRIPURA,Christian,12,184,184
16,Urban,TRIPURA,Christian,13,203,203
16,Urban,TRIPURA,Christian,14,200,198
16,Urban,TRIPURA,Christian,15,202,198
16,Urban,TRIPURA,Christian,16,227,226
16,Urban,TRIPURA,Christian,17,212,210
16,Urban,TRIPURA,Christian,18,179,179
16,Urban,TRIPURA,Christian,19,184,179
16,Urban,TRIPURA,Christian,20-24,752,737
16,Urban,TRIPURA,Christian,25-29,744,727
16,Urban,TRIPURA,Christian,30-34,691,675
16,Urban,TRIPURA,Christian,35-59,2235,2140
16,Urban,TRIPURA,Christian,60+,206,152
16,Urban,TRIPURA,Christian,Age not stated,3,3
16,Urban,TRIPURA,Sikh,7,8,8
16,Urban,TRIPURA,Sikh,8,3,3
16,Urban,TRIPURA,Sikh,9,6,6
16,Urban,TRIPURA,Sikh,10,1,1
16,Urban,TRIPURA,Sikh,11,4,4
16,Urban,TRIPURA,Sikh,12,2,2
16,Urban,TRIPURA,Sikh,13,2,2
16,Urban,TRIPURA,Sikh,14,1,1
16,Urban,TRIPURA,Sikh,15,4,4
16,Urban,TRIPURA,Sikh,16,6,5
16,Urban,TRIPURA,Sikh,17,2,2
16,Urban,TRIPURA,Sikh,18,2,2
16,Urban,TRIPURA,Sikh,19,3,3
16,Urban,TRIPURA,Sikh,20-24,28,25
16,Urban,TRIPURA,Sikh,25-29,31,31
16,Urban,TRIPURA,Sikh,30-34,43,38
16,Urban,TRIPURA,Sikh,35-59,145,140
16,Urban,TRIPURA,Sikh,60+,18,15
16,Urban,TRIPURA,Sikh,Age not stated,0,0
16,Urban,TRIPURA,Buddhist,7,194,161
16,Urban,TRIPURA,Buddhist,8,167,160
16,Urban,TRIPURA,Buddhist,9,170,162
16,Urban,TRIPURA,Buddhist,10,216,211
16,Urban,TRIPURA,Buddhist,11,184,176
16,Urban,TRIPURA,Buddhist,12,200,195
16,Urban,TRIPURA,Buddhist,13,203,197
16,Urban,TRIPURA,Buddhist,14,190,184
16,Urban,TRIPURA,Buddhist,15,163,154
16,Urban,TRIPURA,Buddhist,16,177,170
16,Urban,TRIPURA,Buddhist,17,198,187
16,Urban,TRIPURA,Buddhist,18,205,188
16,Urban,TRIPURA,Buddhist,19,199,187
16,Urban,TRIPURA,Buddhist,20-24,836,754
16,Urban,TRIPURA,Buddhist,25-29,838,743
16,Urban,TRIPURA,Buddhist,30-34,728,639
16,Urban,TRIPURA,Buddhist,35-59,2314,1782
16,Urban,TRIPURA,Buddhist,60+,511,316
16,Urban,TRIPURA,Buddhist,Age not stated,4,3
16,Urban,TRIPURA,Jain,7,12,10
16,Urban,TRIPURA,Jain,8,9,8
16,Urban,TRIPURA,Jain,9,10,10
16,Urban,TRIPURA,Jain,10,6,6
16,Urban,TRIPURA,Jain,11,7,7
16,Urban,TRIPURA,Jain,12,4,4
16,Urban,TRIPURA,Jain,13,3,3
16,Urban,TRIPURA,Jain,14,12,12
16,Urban,TRIPURA,Jain,15,8,8
16,Urban,TRIPURA,Jain,16,5,5
16,Urban,TRIPURA,Jain,17,12,12
16,Urban,TRIPURA,Jain,18,7,7
16,Urban,TRIPURA,Jain,19,7,6
16,Urban,TRIPURA,Jain,20-24,32,30
16,Urban,TRIPURA,Jain,25-29,42,42
16,Urban,TRIPURA,Jain,30-34,30,29
16,Urban,TRIPURA,Jain,35-59,150,147
16,Urban,TRIPURA,Jain,60+,48,46
16,Urban,TRIPURA,Jain,Age not stated,0,0
16,Urban,TRIPURA,Other religions and persuasions,7,2,2
16,Urban,TRIPURA,Other religions and persuasions,8,2,2
16,Urban,TRIPURA,Other religions and persuasions,9,2,2
16,Urban,TRIPURA,Other religions and persuasions,10,3,2
16,Urban,TRIPURA,Other religions and persuasions,11,1,1
16,Urban,TRIPURA,Other religions and persuasions,12,3,3
16,Urban,TRIPURA,Other religions and persuasions,13,4,4
16,Urban,TRIPURA,Other religions and persuasions,14,3,3
16,Urban,TRIPURA,Other religions and persuasions,15,3,3
16,Urban,TRIPURA,Other religions and persuasions,16,4,4
16,Urban,TRIPURA,Other religions and persuasions,17,2,2
16,Urban,TRIPURA,Other religions and persuasions,18,6,6
16,Urban,TRIPURA,Other religions and persuasions,19,4,4
16,Urban,TRIPURA,Other religions and persuasions,20-24,52,52
16,Urban,TRIPURA,Other religions and persuasions,25-29,32,32
16,Urban,TRIPURA,Other religions and persuasions,30-34,28,28
16,Urban,TRIPURA,Other religions and persuasions,35-59,82,78
16,Urban,TRIPURA,Other religions and persuasions,60+,20,16
16,Urban,TRIPURA,Other religions and persuasions,Age not stated,0,0
18,Rural,ASSAM,Hindu,7,329964,248367
18,Rural,ASSAM,Hindu,8,330687,280528
18,Rural,ASSAM,Hindu,9,296962,262932
18,Rural,ASSAM,Hindu,10,354564,313455
18,Rural,ASSAM,Hindu,11,309272,281828
18,Rural,ASSAM,Hindu,12,359304,326610
18,Rural,ASSAM,Hindu,13,326006,299225
18,Rural,ASSAM,Hindu,14,337449,307806
18,Rural,ASSAM,Hindu,15,344859,308849
18,Rural,ASSAM,Hindu,16,324876,289534
18,Rural,ASSAM,Hindu,17,273268,243057
18,Rural,ASSAM,Hindu,18,351514,302505
18,Rural,ASSAM,Hindu,19,277218,238996
18,Rural,ASSAM,Hindu,20-24,1474462,1225193
18,Rural,ASSAM,Hindu,25-29,1457562,1148261
18,Rural,ASSAM,Hindu,30-34,1221529,918093
18,Rural,ASSAM,Hindu,35-59,4140129,2650309
18,Rural,ASSAM,Hindu,60+,1145236,556216
18,Rural,ASSAM,Hindu,Age not stated,8572,5277
18,Rural,ASSAM,Muslim,7,303528,181550
18,Rural,ASSAM,Muslim,8,301925,219896
18,Rural,ASSAM,Muslim,9,254368,201286
18,Rural,ASSAM,Muslim,10,298052,238520
18,Rural,ASSAM,Muslim,11,238768,199712
18,Rural,ASSAM,Muslim,12,272951,227514
18,Rural,ASSAM,Muslim,13,233413,196606
18,Rural,ASSAM,Muslim,14,222510,186039
18,Rural,ASSAM,Muslim,15,219042,176979
18,Rural,ASSAM,Muslim,16,196019,156221
18,Rural,ASSAM,Muslim,17,155913,123353
18,Rural,ASSAM,Muslim,18,218686,161844
18,Rural,ASSAM,Muslim,19,170189,125429
18,Rural,ASSAM,Muslim,20-24,887422,596966
18,Rural,ASSAM,Muslim,25-29,818314,481616
18,Rural,ASSAM,Muslim,30-34,641157,347207
18,Rural,ASSAM,Muslim,35-59,1946538,810679
18,Rural,ASSAM,Muslim,60+,532099,151583
18,Rural,ASSAM,Muslim,Age not stated,4926,2259
18,Rural,ASSAM,Christian,7,26858,17630
18,Rural,ASSAM,Christian,8,27669,21164
18,Rural,ASSAM,Christian,9,23851,19383
18,Rural,ASSAM,Christian,10,29596,24445
18,Rural,ASSAM,Christian,11,24010,20620
18,Rural,ASSAM,Christian,12,28961,24928
18,Rural,ASSAM,Christian,13,24654,21435
18,Rural,ASSAM,Christian,14,25799,22399
18,Rural,ASSAM,Christian,15,26581,22355
18,Rural,ASSAM,Christian,16,25296,21158
18,Rural,ASSAM,Christian,17,20850,17413
18,Rural,ASSAM,Christian,18,26950,21388
18,Rural,ASSAM,Christian,19,19721,15572
18,Rural,ASSAM,Christian,20-24,103644,75897
18,Rural,ASSAM,Christian,25-29,99016,65803
18,Rural,ASSAM,Christian,30-34,77654,47250
18,Rural,ASSAM,Christian,35-59,259947,129456
18,Rural,ASSAM,Christian,60+,61706,23383
18,Rural,ASSAM,Christian,Age not stated,685,397
18,Rural,ASSAM,Sikh,7,128,100
18,Rural,ASSAM,Sikh,8,108,92
18,Rural,ASSAM,Sikh,9,122,111
18,Rural,ASSAM,Sikh,10,129,116
18,Rural,ASSAM,Sikh,11,111,105
18,Rural,ASSAM,Sikh,12,136,130
18,Rural,ASSAM,Sikh,13,137,125
18,Rural,ASSAM,Sikh,14,109,101
18,Rural,ASSAM,Sikh,15,117,110
18,Rural,ASSAM,Sikh,16,107,100
18,Rural,ASSAM,Sikh,17,97,93
18,Rural,ASSAM,Sikh,18,148,137
18,Rural,ASSAM,Sikh,19,111,107
18,Rural,ASSAM,Sikh,20-24,877,820
18,Rural,ASSAM,Sikh,25-29,1109,1030
18,Rural,ASSAM,Sikh,30-34,846,785
18,Rural,ASSAM,Sikh,35-59,2523,2178
18,Rural,ASSAM,Sikh,60+,555,409
18,Rural,ASSAM,Sikh,Age not stated,8,7
18,Rural,ASSAM,Buddhist,7,938,703
18,Rural,ASSAM,Buddhist,8,915,760
18,Rural,ASSAM,Buddhist,9,889,785
18,Rural,ASSAM,Buddhist,10,1037,900
18,Rural,ASSAM,Buddhist,11,984,908
18,Rural,ASSAM,Buddhist,12,1104,1005
18,Rural,ASSAM,Buddhist,13,976,891
18,Rural,ASSAM,Buddhist,14,1068,980
18,Rural,ASSAM,Buddhist,15,1029,917
18,Rural,ASSAM,Buddhist,16,1032,937
18,Rural,ASSAM,Buddhist,17,911,818
18,Rural,ASSAM,Buddhist,18,1085,968
18,Rural,ASSAM,Buddhist,19,854,736
18,Rural,ASSAM,Buddhist,20-24,4765,4095
18,Rural,ASSAM,Buddhist,25-29,4531,3638
18,Rural,ASSAM,Buddhist,30-34,3587,2748
18,Rural,ASSAM,Buddhist,35-59,12478,8061
18,Rural,ASSAM,Buddhist,60+,3811,1673
18,Rural,ASSAM,Buddhist,Age not stated,21,16
18,Rural,ASSAM,Jain,7,57,45
18,Rural,ASSAM,Jain,8,63,55
18,Rural,ASSAM,Jain,9,62,54
18,Rural,ASSAM,Jain,10,57,47
18,Rural,ASSAM,Jain,11,56,48
18,Rural,ASSAM,Jain,12,53,48
18,Rural,ASSAM,Jain,13,53,51
18,Rural,ASSAM,Jain,14,59,55
18,Rural,ASSAM,Jain,15,46,40
18,Rural,ASSAM,Jain,16,54,54
18,Rural,ASSAM,Jain,17,38,37
18,Rural,ASSAM,Jain,18,54,46
18,Rural,ASSAM,Jain,19,47,41
18,Rural,ASSAM,Jain,20-24,281,238
18,Rural,ASSAM,Jain,25-29,232,201
18,Rural,ASSAM,Jain,30-34,222,196
18,Rural,ASSAM,Jain,35-59,755,611
18,Rural,ASSAM,Jain,60+,252,184
18,Rural,ASSAM,Jain,Age not stated,1,0
18,Rural,ASSAM,Other religions and persuasions,7,526,322
18,Rural,ASSAM,Other religions and persuasions,8,559,436
18,Rural,ASSAM,Other religions and persuasions,9,527,448
18,Rural,ASSAM,Other religions and persuasions,10,603,528
18,Rural,ASSAM,Other religions and persuasions,11,521,476
18,Rural,ASSAM,Other religions and persuasions,12,609,556
18,Rural,ASSAM,Other religions and persuasions,13,559,524
18,Rural,ASSAM,Other religions and persuasions,14,533,492
18,Rural,ASSAM,Other religions and persuasions,15,581,536
18,Rural,ASSAM,Other religions and persuasions,16,507,463
18,Rural,ASSAM,Other religions and persuasions,17,485,443
18,Rural,ASSAM,Other religions and persuasions,18,615,551
18,Rural,ASSAM,Other religions and persuasions,19,437,387
18,Rural,ASSAM,Other religions and persuasions,20-24,2246,1955
18,Rural,ASSAM,Other religions and persuasions,25-29,2330,1965
18,Rural,ASSAM,Other religions and persuasions,30-34,2079,1672
18,Rural,ASSAM,Other religions and persuasions,35-59,6567,4700
18,Rural,ASSAM,Other religions and persuasions,60+,1911,1043
18,Rural,ASSAM,Other religions and persuasions,Age not stated,19,10
18,Urban,ASSAM,Hindu,7,53896,46173
18,Urban,ASSAM,Hindu,8,52394,49192
18,Urban,ASSAM,Hindu,9,50937,48576
18,Urban,ASSAM,Hindu,10,59739,56666
18,Urban,ASSAM,Hindu,11,56786,54766
18,Urban,ASSAM,Hindu,12,60294,58189
18,Urban,ASSAM,Hindu,13,57786,55965
18,Urban,ASSAM,Hindu,14,60133,58056
18,Urban,ASSAM,Hindu,15,61283,58732
18,Urban,ASSAM,Hindu,16,60418,57945
18,Urban,ASSAM,Hindu,17,58641,56449
18,Urban,ASSAM,Hindu,18,69363,65927
18,Urban,ASSAM,Hindu,19,61477,58758
18,Urban,ASSAM,Hindu,20-24,336515,318407
18,Urban,ASSAM,Hindu,25-29,339960,317393
18,Urban,ASSAM,Hindu,30-34,307340,283203
18,Urban,ASSAM,Hindu,35-59,1126213,991961
18,Urban,ASSAM,Hindu,60+,278479,215320
18,Urban,ASSAM,Hindu,Age not stated,3025,2525
18,Urban,ASSAM,Muslim,7,18262,13780
18,Urban,ASSAM,Muslim,8,17470,15143
18,Urban,ASSAM,Muslim,9,16142,14416
18,Urban,ASSAM,Muslim,10,18777,16685
18,Urban,ASSAM,Muslim,11,16472,15087
18,Urban,ASSAM,Muslim,12,17942,16383
18,Urban,ASSAM,Muslim,13,16264,14960
18,Urban,ASSAM,Muslim,14,16644,15142
18,Urban,ASSAM,Muslim,15,16603,14932
18,Urban,ASSAM,Muslim,16,15884,14345
18,Urban,ASSAM,Muslim,17,14551,13038
18,Urban,ASSAM,Muslim,18,18873,16482
18,Urban,ASSAM,Muslim,19,15690,13723
18,Urban,ASSAM,Muslim,20-24,83371,70722
18,Urban,ASSAM,Muslim,25-29,77475,62599
18,Urban,ASSAM,Muslim,30-34,63359,49451
18,Urban,ASSAM,Muslim,35-59,201423,140991
18,Urban,ASSAM,Muslim,60+,44258,24939
18,Urban,ASSAM,Muslim,Age not stated,502,355
18,Urban,ASSAM,Christian,7,1159,1004
18,Urban,ASSAM,Christian,8,1182,1082
18,Urban,ASSAM,Christian,9,1088,1027
18,Urban,ASSAM,Christian,10,1313,1225
18,Urban,ASSAM,Christian,11,1267,1219
18,Urban,ASSAM,Christian,12,1423,1377
18,Urban,ASSAM,Christian,13,1379,1325
18,Urban,ASSAM,Christian,14,1434,1382
18,Urban,ASSAM,Christian,15,1473,1406
18,Urban,ASSAM,Christian,16,1476,1425
18,Urban,ASSAM,Christian,17,1336,1276
18,Urban,ASSAM,Christian,18,1572,1488
18,Urban,ASSAM,Christian,19,1353,1289
18,Urban,ASSAM,Christian,20-24,6954,6552
18,Urban,ASSAM,Christian,25-29,6176,5748
18,Urban,ASSAM,Christian,30-34,5125,4699
18,Urban,ASSAM,Christian,35-59,16960,14801
18,Urban,ASSAM,Christian,60+,3575,2691
18,Urban,ASSAM,Christian,Age not stated,38,31
18,Urban,ASSAM,Sikh,7,139,124
18,Urban,ASSAM,Sikh,8,161,151
18,Urban,ASSAM,Sikh,9,162,154
18,Urban,ASSAM,Sikh,10,162,154
18,Urban,ASSAM,Sikh,11,206,199
18,Urban,ASSAM,Sikh,12,207,203
18,Urban,ASSAM,Sikh,13,183,178
18,Urban,ASSAM,Sikh,14,212,209
18,Urban,ASSAM,Sikh,15,206,202
18,Urban,ASSAM,Sikh,16,212,207
18,Urban,ASSAM,Sikh,17,201,199
18,Urban,ASSAM,Sikh,18,242,236
18,Urban,ASSAM,Sikh,19,230,223
18,Urban,ASSAM,Sikh,20-24,1174,1127
18,Urban,ASSAM,Sikh,25-29,1223,1188
18,Urban,ASSAM,Sikh,30-34,1212,1175
18,Urban,ASSAM,Sikh,35-59,4073,3813
18,Urban,ASSAM,Sikh,60+,1207,1044
18,Urban,ASSAM,Sikh,Age not stated,5,5
18,Urban,ASSAM,Buddhist,7,105,90
18,Urban,ASSAM,Buddhist,8,80,78
18,Urban,ASSAM,Buddhist,9,91,89
18,Urban,ASSAM,Buddhist,10,113,103
18,Urban,ASSAM,Buddhist,11,115,109
18,Urban,ASSAM,Buddhist,12,127,123
18,Urban,ASSAM,Buddhist,13,102,97
18,Urban,ASSAM,Buddhist,14,111,108
18,Urban,ASSAM,Buddhist,15,143,135
18,Urban,ASSAM,Buddhist,16,142,138
18,Urban,ASSAM,Buddhist,17,119,115
18,Urban,ASSAM,Buddhist,18,154,145
18,Urban,ASSAM,Buddhist,19,132,127
18,Urban,ASSAM,Buddhist,20-24,765,733
18,Urban,ASSAM,Buddhist,25-29,719,683
18,Urban,ASSAM,Buddhist,30-34,648,607
18,Urban,ASSAM,Buddhist,35-59,2372,2146
18,Urban,ASSAM,Buddhist,60+,599,453
18,Urban,ASSAM,Buddhist,Age not stated,2,2
18,Urban,ASSAM,Jain,7,346,309
18,Urban,ASSAM,Jain,8,303,289
18,Urban,ASSAM,Jain,9,310,293
18,Urban,ASSAM,Jain,10,349,335
18,Urban,ASSAM,Jain,11,335,331
18,Urban,ASSAM,Jain,12,344,341
18,Urban,ASSAM,Jain,13,335,332
18,Urban,ASSAM,Jain,14,334,331
18,Urban,ASSAM,Jain,15,319,313
18,Urban,ASSAM,Jain,16,334,332
18,Urban,ASSAM,Jain,17,335,330
18,Urban,ASSAM,Jain,18,354,347
18,Urban,ASSAM,Jain,19,346,343
18,Urban,ASSAM,Jain,20-24,2021,1999
18,Urban,ASSAM,Jain,25-29,2182,2157
18,Urban,ASSAM,Jain,30-34,2121,2098
18,Urban,ASSAM,Jain,35-59,7709,7604
18,Urban,ASSAM,Jain,60+,2493,2277
18,Urban,ASSAM,Jain,Age not stated,39,36
18,Urban,ASSAM,Other religions and persuasions,7,30,26
18,Urban,ASSAM,Other religions and persuasions,8,40,38
18,Urban,ASSAM,Other religions and persuasions,9,36,34
18,Urban,ASSAM,Other religions and persuasions,10,33,32
18,Urban,ASSAM,Other religions and persuasions,11,24,24
18,Urban,ASSAM,Other religions and persuasions,12,45,42
18,Urban,ASSAM,Other religions and persuasions,13,33,33
18,Urban,ASSAM,Other religions and persuasions,14,39,37
18,Urban,ASSAM,Other religions and persuasions,15,27,25
18,Urban,ASSAM,Other religions and persuasions,16,28,28
18,Urban,ASSAM,Other religions and persuasions,17,26,22
18,Urban,ASSAM,Other religions and persuasions,18,37,32
18,Urban,ASSAM,Other religions and persuasions,19,26,24
18,Urban,ASSAM,Other religions and persuasions,20-24,161,152
18,Urban,ASSAM,Other religions and persuasions,25-29,150,135
18,Urban,ASSAM,Other religions and persuasions,30-34,138,126
18,Urban,ASSAM,Other religions and persuasions,35-59,384,305
18,Urban,ASSAM,Other religions and persuasions,60+,90,54
18,Urban,ASSAM,Other religions and persuasions,Age not stated,1,0
11,Rural,SIKKIM,Hindu,7,5157,3960
11,Rural,SIKKIM,Hindu,8,4841,4310
11,Rural,SIKKIM,Hindu,9,5304,4748
11,Rural,SIKKIM,Hindu,10,5939,5448
11,Rural,SIKKIM,Hindu,11,5734,5403
11,Rural,SIKKIM,Hindu,12,5774,5560
11,Rural,SIKKIM,Hindu,13,5771,5553
11,Rural,SIKKIM,Hindu,14,5788,5571
11,Rural,SIKKIM,Hindu,15,5636,5366
11,Rural,SIKKIM,Hindu,16,5655,5400
11,Rural,SIKKIM,Hindu,17,5507,5251
11,Rural,SIKKIM,Hindu,18,5978,5607
11,Rural,SIKKIM,Hindu,19,5348,5061
11,Rural,SIKKIM,Hindu,20-24,28410,26456
11,Rural,SIKKIM,Hindu,25-29,26738,23978
11,Rural,SIKKIM,Hindu,30-34,21659,18566
11,Rural,SIKKIM,Hindu,35-59,62304,39892
11,Rural,SIKKIM,Hindu,60+,18395,6207
11,Rural,SIKKIM,Hindu,Age not stated,561,418
11,Rural,SIKKIM,Muslim,7,56,44
11,Rural,SIKKIM,Muslim,8,72,61
11,Rural,SIKKIM,Muslim,9,46,41
11,Rural,SIKKIM,Muslim,10,60,49
11,Rural,SIKKIM,Muslim,11,69,66
11,Rural,SIKKIM,Muslim,12,54,49
11,Rural,SIKKIM,Muslim,13,46,42
11,Rural,SIKKIM,Muslim,14,63,58
11,Rural,SIKKIM,Muslim,15,62,51
11,Rural,SIKKIM,Muslim,16,69,55
11,Rural,SIKKIM,Muslim,17,59,51
11,Rural,SIKKIM,Muslim,18,111,89
11,Rural,SIKKIM,Muslim,19,95,70
11,Rural,SIKKIM,Muslim,20-24,648,543
11,Rural,SIKKIM,Muslim,25-29,601,499
11,Rural,SIKKIM,Muslim,30-34,402,326
11,Rural,SIKKIM,Muslim,35-59,733,476
11,Rural,SIKKIM,Muslim,60+,75,34
11,Rural,SIKKIM,Muslim,Age not stated,7,3
11,Rural,SIKKIM,Christian,7,968,766
11,Rural,SIKKIM,Christian,8,937,815
11,Rural,SIKKIM,Christian,9,1049,942
11,Rural,SIKKIM,Christian,10,1145,1032
11,Rural,SIKKIM,Christian,11,1133,1091
11,Rural,SIKKIM,Christian,12,1133,1099
11,Rural,SIKKIM,Christian,13,1030,1008
11,Rural,SIKKIM,Christian,14,1106,1077
11,Rural,SIKKIM,Christian,15,1086,1041
11,Rural,SIKKIM,Christian,16,1050,1016
11,Rural,SIKKIM,Christian,17,973,936
11,Rural,SIKKIM,Christian,18,1076,1041
11,Rural,SIKKIM,Christian,19,999,954
11,Rural,SIKKIM,Christian,20-24,4845,4520
11,Rural,SIKKIM,Christian,25-29,4416,3896
11,Rural,SIKKIM,Christian,30-34,3684,3088
11,Rural,SIKKIM,Christian,35-59,10464,6741
11,Rural,SIKKIM,Christian,60+,3040,1062
11,Rural,SIKKIM,Christian,Age not stated,101,75
11,Rural,SIKKIM,Sikh,7,7,6
11,Rural,SIKKIM,Sikh,8,4,3
11,Rural,SIKKIM,Sikh,9,2,2
11,Rural,SIKKIM,Sikh,10,3,3
11,Rural,SIKKIM,Sikh,11,6,6
11,Rural,SIKKIM,Sikh,12,4,4
11,Rural,SIKKIM,Sikh,13,7,6
11,Rural,SIKKIM,Sikh,14,5,5
11,Rural,SIKKIM,Sikh,15,2,2
11,Rural,SIKKIM,Sikh,16,6,6
11,Rural,SIKKIM,Sikh,17,6,6
11,Rural,SIKKIM,Sikh,18,4,4
11,Rural,SIKKIM,Sikh,19,3,3
11,Rural,SIKKIM,Sikh,20-24,278,268
11,Rural,SIKKIM,Sikh,25-29,453,436
11,Rural,SIKKIM,Sikh,30-34,434,422
11,Rural,SIKKIM,Sikh,35-59,378,357
11,Rural,SIKKIM,Sikh,60+,29,28
11,Rural,SIKKIM,Sikh,Age not stated,3,3
11,Rural,SIKKIM,Buddhist,7,2652,2041
11,Rural,SIKKIM,Buddhist,8,2387,2119
11,Rural,SIKKIM,Buddhist,9,2758,2501
11,Rural,SIKKIM,Buddhist,10,3053,2813
11,Rural,SIKKIM,Buddhist,11,2908,2776
11,Rural,SIKKIM,Buddhist,12,3031,2935
11,Rural,SIKKIM,Buddhist,13,3089,3002
11,Rural,SIKKIM,Buddhist,14,3093,2986
11,Rural,SIKKIM,Buddhist,15,2984,2877
11,Rural,SIKKIM,Buddhist,16,3010,2891
11,Rural,SIKKIM,Buddhist,17,2986,2863
11,Rural,SIKKIM,Buddhist,18,3160,3018
11,Rural,SIKKIM,Buddhist,19,2739,2610
11,Rural,SIKKIM,Buddhist,20-24,13767,12730
11,Rural,SIKKIM,Buddhist,25-29,12818,11338
11,Rural,SIKKIM,Buddhist,30-34,10002,8426
11,Rural,SIKKIM,Buddhist,35-59,31519,19318
11,Rural,SIKKIM,Buddhist,60+,10369,3211
11,Rural,SIKKIM,Buddhist,Age not stated,269,196
11,Rural,SIKKIM,Jain,7,1,1
11,Rural,SIKKIM,Jain,8,3,3
11,Rural,SIKKIM,Jain,9,4,4
11,Rural,SIKKIM,Jain,10,4,4
11,Rural,SIKKIM,Jain,11,4,3
11,Rural,SIKKIM,Jain,12,1,1
11,Rural,SIKKIM,Jain,13,2,2
11,Rural,SIKKIM,Jain,14,3,3
11,Rural,SIKKIM,Jain,15,2,2
11,Rural,SIKKIM,Jain,16,2,2
11,Rural,SIKKIM,Jain,17,3,3
11,Rural,SIKKIM,Jain,18,1,1
11,Rural,SIKKIM,Jain,19,1,1
11,Rural,SIKKIM,Jain,20-24,17,16
11,Rural,SIKKIM,Jain,25-29,14,12
11,Rural,SIKKIM,Jain,30-34,12,9
11,Rural,SIKKIM,Jain,35-59,38,27
11,Rural,SIKKIM,Jain,60+,11,7
11,Rural,SIKKIM,Jain,Age not stated,1,1
11,Rural,SIKKIM,Other religions and persuasions,7,326,258
11,Rural,SIKKIM,Other religions and persuasions,8,264,233
11,Rural,SIKKIM,Other religions and persuasions,9,354,324
11,Rural,SIKKIM,Other religions and persuasions,10,385,363
11,Rural,SIKKIM,Other religions and persuasions,11,383,361
11,Rural,SIKKIM,Other religions and persuasions,12,380,373
11,Rural,SIKKIM,Other religions and persuasions,13,358,348
11,Rural,SIKKIM,Other religions and persuasions,14,383,374
11,Rural,SIKKIM,Other religions and persuasions,15,377,368
11,Rural,SIKKIM,Other religions and persuasions,16,383,375
11,Rural,SIKKIM,Other religions and persuasions,17,379,368
11,Rural,SIKKIM,Other religions and persuasions,18,394,381
11,Rural,SIKKIM,Other religions and persuasions,19,378,362
11,Rural,SIKKIM,Other religions and persuasions,20-24,1711,1611
11,Rural,SIKKIM,Other religions and persuasions,25-29,1443,1299
11,Rural,SIKKIM,Other religions and persuasions,30-34,1138,962
11,Rural,SIKKIM,Other religions and persuasions,35-59,3713,2215
11,Rural,SIKKIM,Other religions and persuasions,60+,1196,368
11,Rural,SIKKIM,Other religions and persuasions,Age not stated,34,19
11,Urban,SIKKIM,Hindu,7,1562,1272
11,Urban,SIKKIM,Hindu,8,1537,1428
11,Urban,SIKKIM,Hindu,9,1686,1545
11,Urban,SIKKIM,Hindu,10,1785,1654
11,Urban,SIKKIM,Hindu,11,1778,1691
11,Urban,SIKKIM,Hindu,12,1802,1732
11,Urban,SIKKIM,Hindu,13,1781,1691
11,Urban,SIKKIM,Hindu,14,1777,1695
11,Urban,SIKKIM,Hindu,15,1864,1733
11,Urban,SIKKIM,Hindu,16,1924,1804
11,Urban,SIKKIM,Hindu,17,1896,1783
11,Urban,SIKKIM,Hindu,18,2086,1959
11,Urban,SIKKIM,Hindu,19,1920,1823
11,Urban,SIKKIM,Hindu,20-24,10890,10373
11,Urban,SIKKIM,Hindu,25-29,11421,10736
11,Urban,SIKKIM,Hindu,30-34,9291,8586
11,Urban,SIKKIM,Hindu,35-59,25530,21583
11,Urban,SIKKIM,Hindu,60+,4291,2596
11,Urban,SIKKIM,Hindu,Age not stated,98,80
11,Urban,SIKKIM,Muslim,7,124,99
11,Urban,SIKKIM,Muslim,8,123,102
11,Urban,SIKKIM,Muslim,9,131,110
11,Urban,SIKKIM,Muslim,10,121,100
11,Urban,SIKKIM,Muslim,11,129,117
11,Urban,SIKKIM,Muslim,12,138,120
11,Urban,SIKKIM,Muslim,13,115,104
11,Urban,SIKKIM,Muslim,14,132,118
11,Urban,SIKKIM,Muslim,15,151,131
11,Urban,SIKKIM,Muslim,16,131,113
11,Urban,SIKKIM,Muslim,17,148,133
11,Urban,SIKKIM,Muslim,18,192,159
11,Urban,SIKKIM,Muslim,19,167,142
11,Urban,SIKKIM,Muslim,20-24,864,674
11,Urban,SIKKIM,Muslim,25-29,704,544
11,Urban,SIKKIM,Muslim,30-34,511,366
11,Urban,SIKKIM,Muslim,35-59,1337,841
11,Urban,SIKKIM,Muslim,60+,153,80
11,Urban,SIKKIM,Muslim,Age not stated,7,2
11,Urban,SIKKIM,Christian,7,244,202
11,Urban,SIKKIM,Christian,8,248,231
11,Urban,SIKKIM,Christian,9,242,220
11,Urban,SIKKIM,Christian,10,294,272
11,Urban,SIKKIM,Christian,11,274,263
11,Urban,SIKKIM,Christian,12,297,284
11,Urban,SIKKIM,Christian,13,302,293
11,Urban,SIKKIM,Christian,14,310,296
11,Urban,SIKKIM,Christian,15,307,298
11,Urban,SIKKIM,Christian,16,342,326
11,Urban,SIKKIM,Christian,17,299,280
11,Urban,SIKKIM,Christian,18,381,365
11,Urban,SIKKIM,Christian,19,308,293
11,Urban,SIKKIM,Christian,20-24,1660,1574
11,Urban,SIKKIM,Christian,25-29,1656,1550
11,Urban,SIKKIM,Christian,30-34,1424,1299
11,Urban,SIKKIM,Christian,35-59,4069,3363
11,Urban,SIKKIM,Christian,60+,749,442
11,Urban,SIKKIM,Christian,Age not stated,18,14
11,Urban,SIKKIM,Sikh,7,3,2
11,Urban,SIKKIM,Sikh,8,6,6
11,Urban,SIKKIM,Sikh,9,5,4
11,Urban,SIKKIM,Sikh,10,2,2
11,Urban,SIKKIM,Sikh,11,3,2
11,Urban,SIKKIM,Sikh,12,1,1
11,Urban,SIKKIM,Sikh,13,0,0
11,Urban,SIKKIM,Sikh,14,3,3
11,Urban,SIKKIM,Sikh,15,3,3
11,Urban,SIKKIM,Sikh,16,3,2
11,Urban,SIKKIM,Sikh,17,3,3
11,Urban,SIKKIM,Sikh,18,2,2
11,Urban,SIKKIM,Sikh,19,1,1
11,Urban,SIKKIM,Sikh,20-24,11,11
11,Urban,SIKKIM,Sikh,25-29,15,14
11,Urban,SIKKIM,Sikh,30-34,18,17
11,Urban,SIKKIM,Sikh,35-59,84,79
11,Urban,SIKKIM,Sikh,60+,13,12
11,Urban,SIKKIM,Sikh,Age not stated,0,0
11,Urban,SIKKIM,Buddhist,7,574,470
11,Urban,SIKKIM,Buddhist,8,542,512
11,Urban,SIKKIM,Buddhist,9,516,485
11,Urban,SIKKIM,Buddhist,10,681,633
11,Urban,SIKKIM,Buddhist,11,686,670
11,Urban,SIKKIM,Buddhist,12,722,707
11,Urban,SIKKIM,Buddhist,13,735,718
11,Urban,SIKKIM,Buddhist,14,765,746
11,Urban,SIKKIM,Buddhist,15,783,762
11,Urban,SIKKIM,Buddhist,16,787,765
11,Urban,SIKKIM,Buddhist,17,828,804
11,Urban,SIKKIM,Buddhist,18,799,775
11,Urban,SIKKIM,Buddhist,19,762,744
11,Urban,SIKKIM,Buddhist,20-24,3940,3796
11,Urban,SIKKIM,Buddhist,25-29,4113,3948
11,Urban,SIKKIM,Buddhist,30-34,3505,3305
11,Urban,SIKKIM,Buddhist,35-59,10898,9351
11,Urban,SIKKIM,Buddhist,60+,2295,1209
11,Urban,SIKKIM,Buddhist,Age not stated,53,46
11,Urban,SIKKIM,Jain,7,2,2
11,Urban,SIKKIM,Jain,8,2,2
11,Urban,SIKKIM,Jain,9,3,3
11,Urban,SIKKIM,Jain,10,2,1
11,Urban,SIKKIM,Jain,11,3,3
11,Urban,SIKKIM,Jain,12,2,2
11,Urban,SIKKIM,Jain,13,5,5
11,Urban,SIKKIM,Jain,14,3,3
11,Urban,SIKKIM,Jain,15,1,1
11,Urban,SIKKIM,Jain,16,1,1
11,Urban,SIKKIM,Jain,17,1,1
11,Urban,SIKKIM,Jain,18,5,5
11,Urban,SIKKIM,Jain,19,5,4
11,Urban,SIKKIM,Jain,20-24,14,14
11,Urban,SIKKIM,Jain,25-29,19,19
11,Urban,SIKKIM,Jain,30-34,18,16
11,Urban,SIKKIM,Jain,35-59,58,58
11,Urban,SIKKIM,Jain,60+,12,9
11,Urban,SIKKIM,Jain,Age not stated,0,0
11,Urban,SIKKIM,Other religions and persuasions,7,6,4
11,Urban,SIKKIM,Other religions and persuasions,8,2,2
11,Urban,SIKKIM,Other religions and persuasions,9,12,11
11,Urban,SIKKIM,Other religions and persuasions,10,10,6
11,Urban,SIKKIM,Other religions and persuasions,11,6,5
11,Urban,SIKKIM,Other religions and persuasions,12,10,10
11,Urban,SIKKIM,Other religions and persuasions,13,12,11
11,Urban,SIKKIM,Other religions and persuasions,14,16,16
11,Urban,SIKKIM,Other religions and persuasions,15,9,9
11,Urban,SIKKIM,Other religions and persuasions,16,9,9
11,Urban,SIKKIM,Other religions and persuasions,17,8,8
11,Urban,SIKKIM,Other religions and persuasions,18,11,9
11,Urban,SIKKIM,Other religions and persuasions,19,15,14
11,Urban,SIKKIM,Other religions and persuasions,20-24,70,66
11,Urban,SIKKIM,Other religions and persuasions,25-29,60,55
11,Urban,SIKKIM,Other religions and persuasions,30-34,37,33
11,Urban,SIKKIM,Other religions and persuasions,35-59,161,144
11,Urban,SIKKIM,Other religions and persuasions,60+,35,23
11,Urban,SIKKIM,Other religions and persuasions,Age not stated,3,3
13,Rural,NAGALAND,Hindu,7,1377,778
13,Rural,NAGALAND,Hindu,8,1307,959
13,Rural,NAGALAND,Hindu,9,1204,938
13,Rural,NAGALAND,Hindu,10,1497,1205
13,Rural,NAGALAND,Hindu,11,1329,1131
13,Rural,NAGALAND,Hindu,12,1368,1158
13,Rural,NAGALAND,Hindu,13,1248,1080
13,Rural,NAGALAND,Hindu,14,1194,1028
13,Rural,NAGALAND,Hindu,15,1261,1060
13,Rural,NAGALAND,Hindu,16,1160,974
13,Rural,NAGALAND,Hindu,17,958,803
13,Rural,NAGALAND,Hindu,18,1277,1013
13,Rural,NAGALAND,Hindu,19,1087,876
13,Rural,NAGALAND,Hindu,20-24,6876,5428
13,Rural,NAGALAND,Hindu,25-29,7146,5520
13,Rural,NAGALAND,Hindu,30-34,5649,4146
13,Rural,NAGALAND,Hindu,35-59,16498,10678
13,Rural,NAGALAND,Hindu,60+,2118,849
13,Rural,NAGALAND,Hindu,Age not stated,42,33
13,Rural,NAGALAND,Muslim,7,830,235
13,Rural,NAGALAND,Muslim,8,742,318
13,Rural,NAGALAND,Muslim,9,601,269
13,Rural,NAGALAND,Muslim,10,742,353
13,Rural,NAGALAND,Muslim,11,566,269
13,Rural,NAGALAND,Muslim,12,613,307
13,Rural,NAGALAND,Muslim,13,471,246
13,Rural,NAGALAND,Muslim,14,465,275
13,Rural,NAGALAND,Muslim,15,527,260
13,Rural,NAGALAND,Muslim,16,405,210
13,Rural,NAGALAND,Muslim,17,392,221
13,Rural,NAGALAND,Muslim,18,550,266
13,Rural,NAGALAND,Muslim,19,366,189
13,Rural,NAGALAND,Muslim,20-24,2082,961
13,Rural,NAGALAND,Muslim,25-29,1988,915
13,Rural,NAGALAND,Muslim,30-34,1560,702
13,Rural,NAGALAND,Muslim,35-59,4323,1613
13,Rural,NAGALAND,Muslim,60+,683,162
13,Rural,NAGALAND,Muslim,Age not stated,19,8
13,Rural,NAGALAND,Christian,7,32624,18569
13,Rural,NAGALAND,Christian,8,32496,23755
13,Rural,NAGALAND,Christian,9,31418,24144
13,Rural,NAGALAND,Christian,10,37839,30229
13,Rural,NAGALAND,Christian,11,33645,28520
13,Rural,NAGALAND,Christian,12,34937,30475
13,Rural,NAGALAND,Christian,13,31999,28311
13,Rural,NAGALAND,Christian,14,31778,28217
13,Rural,NAGALAND,Christian,15,34090,30050
13,Rural,NAGALAND,Christian,16,32430,28649
13,Rural,NAGALAND,Christian,17,28153,24848
13,Rural,NAGALAND,Christian,18,32668,28363
13,Rural,NAGALAND,Christian,19,25321,21887
13,Rural,NAGALAND,Christian,20-24,129501,109927
13,Rural,NAGALAND,Christian,25-29,107123,88678
13,Rural,NAGALAND,Christian,30-34,92537,74432
13,Rural,NAGALAND,Christian,35-59,281048,190315
13,Rural,NAGALAND,Christian,60+,77840,32511
13,Rural,NAGALAND,Christian,Age not stated,1161,775
13,Rural,NAGALAND,Sikh,7,9,5
13,Rural,NAGALAND,Sikh,8,5,3
13,Rural,NAGALAND,Sikh,9,3,3
13,Rural,NAGALAND,Sikh,10,5,4
13,Rural,NAGALAND,Sikh,11,4,4
13,Rural,NAGALAND,Sikh,12,5,4
13,Rural,NAGALAND,Sikh,13,5,4
13,Rural,NAGALAND,Sikh,14,4,3
13,Rural,NAGALAND,Sikh,15,6,4
13,Rural,NAGALAND,Sikh,16,4,3
13,Rural,NAGALAND,Sikh,17,2,2
13,Rural,NAGALAND,Sikh,18,2,2
13,Rural,NAGALAND,Sikh,19,11,10
13,Rural,NAGALAND,Sikh,20-24,210,207
13,Rural,NAGALAND,Sikh,25-29,250,244
13,Rural,NAGALAND,Sikh,30-34,273,268
13,Rural,NAGALAND,Sikh,35-59,256,244
13,Rural,NAGALAND,Sikh,60+,18,13
13,Rural,NAGALAND,Sikh,Age not stated,0,0
13,Rural,NAGALAND,Buddhist,7,153,94
13,Rural,NAGALAND,Buddhist,8,130,92
13,Rural,NAGALAND,Buddhist,9,138,100
13,Rural,NAGALAND,Buddhist,10,198,158
13,Rural,NAGALAND,Buddhist,11,150,116
13,Rural,NAGALAND,Buddhist,12,163,132
13,Rural,NAGALAND,Buddhist,13,151,123
13,Rural,NAGALAND,Buddhist,14,156,132
13,Rural,NAGALAND,Buddhist,15,137,116
13,Rural,NAGALAND,Buddhist,16,125,111
13,Rural,NAGALAND,Buddhist,17,115,93
13,Rural,NAGALAND,Buddhist,18,117,97
13,Rural,NAGALAND,Buddhist,19,99,87
13,Rural,NAGALAND,Buddhist,20-24,405,325
13,Rural,NAGALAND,Buddhist,25-29,293,240
13,Rural,NAGALAND,Buddhist,30-34,188,150
13,Rural,NAGALAND,Buddhist,35-59,621,362
13,Rural,NAGALAND,Buddhist,60+,177,76
13,Rural,NAGALAND,Buddhist,Age not stated,7,7
13,Rural,NAGALAND,Jain,7,10,8
13,Rural,NAGALAND,Jain,8,6,6
13,Rural,NAGALAND,Jain,9,12,9
13,Rural,NAGALAND,Jain,10,14,8
13,Rural,NAGALAND,Jain,11,10,9
13,Rural,NAGALAND,Jain,12,15,12
13,Rural,NAGALAND,Jain,13,13,11
13,Rural,NAGALAND,Jain,14,9,8
13,Rural,NAGALAND,Jain,15,18,14
13,Rural,NAGALAND,Jain,16,8,7
13,Rural,NAGALAND,Jain,17,11,8
13,Rural,NAGALAND,Jain,18,9,6
13,Rural,NAGALAND,Jain,19,8,7
13,Rural,NAGALAND,Jain,20-24,45,36
13,Rural,NAGALAND,Jain,25-29,24,16
13,Rural,NAGALAND,Jain,30-34,29,20
13,Rural,NAGALAND,Jain,35-59,94,59
13,Rural,NAGALAND,Jain,60+,22,10
13,Rural,NAGALAND,Jain,Age not stated,1,1
13,Rural,NAGALAND,Other religions and persuasions,7,69,23
13,Rural,NAGALAND,Other religions and persuasions,8,76,50
13,Rural,NAGALAND,Other religions and persuasions,9,71,51
13,Rural,NAGALAND,Other religions and persuasions,10,76,64
13,Rural,NAGALAND,Other religions and persuasions,11,70,61
13,Rural,NAGALAND,Other religions and persuasions,12,66,61
13,Rural,NAGALAND,Other religions and persuasions,13,63,60
13,Rural,NAGALAND,Other religions and persuasions,14,64,59
13,Rural,NAGALAND,Other religions and persuasions,15,73,70
13,Rural,NAGALAND,Other religions and persuasions,16,80,69
13,Rural,NAGALAND,Other religions and persuasions,17,59,56
13,Rural,NAGALAND,Other religions and persuasions,18,90,80
13,Rural,NAGALAND,Other religions and persuasions,19,64,58
13,Rural,NAGALAND,Other religions and persuasions,20-24,269,226
13,Rural,NAGALAND,Other religions and persuasions,25-29,190,150
13,Rural,NAGALAND,Other religions and persuasions,30-34,166,119
13,Rural,NAGALAND,Other religions and persuasions,35-59,686,297
13,Rural,NAGALAND,Other religions and persuasions,60+,335,64
13,Rural,NAGALAND,Other religions and persuasions,Age not stated,5,2
13,Urban,NAGALAND,Hindu,7,2002,1395
13,Urban,NAGALAND,Hindu,8,1934,1594
13,Urban,NAGALAND,Hindu,9,1903,1665
13,Urban,NAGALAND,Hindu,10,2095,1844
13,Urban,NAGALAND,Hindu,11,1925,1771
13,Urban,NAGALAND,Hindu,12,1919,1760
13,Urban,NAGALAND,Hindu,13,1889,1738
13,Urban,NAGALAND,Hindu,14,1839,1673
13,Urban,NAGALAND,Hindu,15,2004,1783
13,Urban,NAGALAND,Hindu,16,1846,1682
13,Urban,NAGALAND,Hindu,17,1739,1559
13,Urban,NAGALAND,Hindu,18,2100,1875
13,Urban,NAGALAND,Hindu,19,1887,1692
13,Urban,NAGALAND,Hindu,20-24,11510,10138
13,Urban,NAGALAND,Hindu,25-29,13101,11369
13,Urban,NAGALAND,Hindu,30-34,11299,9574
13,Urban,NAGALAND,Hindu,35-59,32330,26032
13,Urban,NAGALAND,Hindu,60+,3721,2438
13,Urban,NAGALAND,Hindu,Age not stated,29,19
13,Urban,NAGALAND,Muslim,7,699,376
13,Urban,NAGALAND,Muslim,8,594,378
13,Urban,NAGALAND,Muslim,9,557,378
13,Urban,NAGALAND,Muslim,10,597,415
13,Urban,NAGALAND,Muslim,11,531,401
13,Urban,NAGALAND,Muslim,12,526,402
13,Urban,NAGALAND,Muslim,13,452,373
13,Urban,NAGALAND,Muslim,14,443,359
13,Urban,NAGALAND,Muslim,15,470,360
13,Urban,NAGALAND,Muslim,16,498,393
13,Urban,NAGALAND,Muslim,17,473,373
13,Urban,NAGALAND,Muslim,18,632,477
13,Urban,NAGALAND,Muslim,19,496,375
13,Urban,NAGALAND,Muslim,20-24,3085,2347
13,Urban,NAGALAND,Muslim,25-29,3150,2350
13,Urban,NAGALAND,Muslim,30-34,2395,1654
13,Urban,NAGALAND,Muslim,35-59,5229,3260
13,Urban,NAGALAND,Muslim,60+,525,275
13,Urban,NAGALAND,Muslim,Age not stated,8,5
13,Urban,NAGALAND,Christian,7,9394,7111
13,Urban,NAGALAND,Christian,8,9174,8148
13,Urban,NAGALAND,Christian,9,9288,8399
13,Urban,NAGALAND,Christian,10,10780,9904
13,Urban,NAGALAND,Christian,11,10679,10085
13,Urban,NAGALAND,Christian,12,10908,10469
13,Urban,NAGALAND,Christian,13,11075,10644
13,Urban,NAGALAND,Christian,14,11265,10855
13,Urban,NAGALAND,Christian,15,11349,10919
13,Urban,NAGALAND,Christian,16,11561,11135
13,Urban,NAGALAND,Christian,17,10838,10474
13,Urban,NAGALAND,Christian,18,11328,10891
13,Urban,NAGALAND,Christian,19,9914,9562
13,Urban,NAGALAND,Christian,20-24,49615,47640
13,Urban,NAGALAND,Christian,25-29,42817,40796
13,Urban,NAGALAND,Christian,30-34,35199,33202
13,Urban,NAGALAND,Christian,35-59,91482,81929
13,Urban,NAGALAND,Christian,60+,16833,12070
13,Urban,NAGALAND,Christian,Age not stated,149,128
13,Urban,NAGALAND,Sikh,7,8,7
13,Urban,NAGALAND,Sikh,8,10,10
13,Urban,NAGALAND,Sikh,9,5,5
13,Urban,NAGALAND,Sikh,10,10,8
13,Urban,NAGALAND,Sikh,11,9,9
13,Urban,NAGALAND,Sikh,12,10,10
13,Urban,NAGALAND,Sikh,13,11,11
13,Urban,NAGALAND,Sikh,14,6,6
13,Urban,NAGALAND,Sikh,15,6,5
13,Urban,NAGALAND,Sikh,16,7,7
13,Urban,NAGALAND,Sikh,17,7,7
13,Urban,NAGALAND,Sikh,18,2,2
13,Urban,NAGALAND,Sikh,19,6,6
13,Urban,NAGALAND,Sikh,20-24,69,66
13,Urban,NAGALAND,Sikh,25-29,154,151
13,Urban,NAGALAND,Sikh,30-34,114,109
13,Urban,NAGALAND,Sikh,35-59,218,213
13,Urban,NAGALAND,Sikh,60+,36,32
13,Urban,NAGALAND,Sikh,Age not stated,0,0
13,Urban,NAGALAND,Buddhist,7,46,34
13,Urban,NAGALAND,Buddhist,8,47,43
13,Urban,NAGALAND,Buddhist,9,54,51
13,Urban,NAGALAND,Buddhist,10,61,53
13,Urban,NAGALAND,Buddhist,11,60,58
13,Urban,NAGALAND,Buddhist,12,47,45
13,Urban,NAGALAND,Buddhist,13,48,47
13,Urban,NAGALAND,Buddhist,14,47,47
13,Urban,NAGALAND,Buddhist,15,52,51
13,Urban,NAGALAND,Buddhist,16,47,46
13,Urban,NAGALAND,Buddhist,17,47,44
13,Urban,NAGALAND,Buddhist,18,60,55
13,Urban,NAGALAND,Buddhist,19,60,56
13,Urban,NAGALAND,Buddhist,20-24,260,248
13,Urban,NAGALAND,Buddhist,25-29,282,262
13,Urban,NAGALAND,Buddhist,30-34,185,166
13,Urban,NAGALAND,Buddhist,35-59,495,404
13,Urban,NAGALAND,Buddhist,60+,73,43
13,Urban,NAGALAND,Buddhist,Age not stated,0,0
13,Urban,NAGALAND,Jain,7,35,27
13,Urban,NAGALAND,Jain,8,38,36
13,Urban,NAGALAND,Jain,9,43,42
13,Urban,NAGALAND,Jain,10,41,40
13,Urban,NAGALAND,Jain,11,33,32
13,Urban,NAGALAND,Jain,12,39,37
13,Urban,NAGALAND,Jain,13,48,47
13,Urban,NAGALAND,Jain,14,34,33
13,Urban,NAGALAND,Jain,15,40,40
13,Urban,NAGALAND,Jain,16,30,29
13,Urban,NAGALAND,Jain,17,40,38
13,Urban,NAGALAND,Jain,18,30,29
13,Urban,NAGALAND,Jain,19,34,33
13,Urban,NAGALAND,Jain,20-24,160,157
13,Urban,NAGALAND,Jain,25-29,203,200
13,Urban,NAGALAND,Jain,30-34,189,183
13,Urban,NAGALAND,Jain,35-59,743,723
13,Urban,NAGALAND,Jain,60+,215,188
13,Urban,NAGALAND,Jain,Age not stated,1,0
13,Urban,NAGALAND,Other religions and persuasions,7,2,0
13,Urban,NAGALAND,Other religions and persuasions,8,7,5
13,Urban,NAGALAND,Other religions and persuasions,9,3,3
13,Urban,NAGALAND,Other religions and persuasions,10,10,8
13,Urban,NAGALAND,Other religions and persuasions,11,1,1
13,Urban,NAGALAND,Other religions and persuasions,12,3,2
13,Urban,NAGALAND,Other religions and persuasions,13,8,8
13,Urban,NAGALAND,Other religions and persuasions,14,4,4
13,Urban,NAGALAND,Other religions and persuasions,15,9,8
13,Urban,NAGALAND,Other religions and persuasions,16,3,2
13,Urban,NAGALAND,Other religions and persuasions,17,5,5
13,Urban,NAGALAND,Other religions and persuasions,18,5,5
13,Urban,NAGALAND,Other religions and persuasions,19,3,3
13,Urban,NAGALAND,Other religions and persuasions,20-24,24,22
13,Urban,NAGALAND,Other religions and persuasions,25-29,14,12
13,Urban,NAGALAND,Other religions and persuasions,30-34,13,12
13,Urban,NAGALAND,Other religions and persuasions,35-59,54,31
13,Urban,NAGALAND,Other religions and persuasions,60+,23,5
13,Urban,NAGALAND,Other religions and persuasions,Age not stated,0,0
17,Rural,MEGHALAYA,Hindu,7,4206,2471
17,Rural,MEGHALAYA,Hindu,8,4118,2918
17,Rural,MEGHALAYA,Hindu,9,4014,3034
17,Rural,MEGHALAYA,Hindu,10,4608,3630
17,Rural,MEGHALAYA,Hindu,11,4251,3575
17,Rural,MEGHALAYA,Hindu,12,4702,4046
17,Rural,MEGHALAYA,Hindu,13,4189,3617
17,Rural,MEGHALAYA,Hindu,14,4108,3566
17,Rural,MEGHALAYA,Hindu,15,4246,3640
17,Rural,MEGHALAYA,Hindu,16,4133,3457
17,Rural,MEGHALAYA,Hindu,17,3675,3078
17,Rural,MEGHALAYA,Hindu,18,4116,3305
17,Rural,MEGHALAYA,Hindu,19,3571,2823
17,Rural,MEGHALAYA,Hindu,20-24,17944,13639
17,Rural,MEGHALAYA,Hindu,25-29,17437,12262
17,Rural,MEGHALAYA,Hindu,30-34,13450,8690
17,Rural,MEGHALAYA,Hindu,35-59,49704,26840
17,Rural,MEGHALAYA,Hindu,60+,10567,3912
17,Rural,MEGHALAYA,Hindu,Age not stated,248,166
17,Rural,MEGHALAYA,Muslim,7,3784,1681
17,Rural,MEGHALAYA,Muslim,8,3560,1988
17,Rural,MEGHALAYA,Muslim,9,3306,2053
17,Rural,MEGHALAYA,Muslim,10,3736,2387
17,Rural,MEGHALAYA,Muslim,11,3243,2277
17,Rural,MEGHALAYA,Muslim,12,3011,2147
17,Rural,MEGHALAYA,Muslim,13,2511,1820
17,Rural,MEGHALAYA,Muslim,14,2355,1688
17,Rural,MEGHALAYA,Muslim,15,2348,1555
17,Rural,MEGHALAYA,Muslim,16,2240,1488
17,Rural,MEGHALAYA,Muslim,17,1897,1267
17,Rural,MEGHALAYA,Muslim,18,2362,1454
17,Rural,MEGHALAYA,Muslim,19,1947,1129
17,Rural,MEGHALAYA,Muslim,20-24,10273,5530
17,Rural,MEGHALAYA,Muslim,25-29,10111,4821
17,Rural,MEGHALAYA,Muslim,30-34,6846,3029
17,Rural,MEGHALAYA,Muslim,35-59,22032,7264
17,Rural,MEGHALAYA,Muslim,60+,4656,1155
17,Rural,MEGHALAYA,Muslim,Age not stated,162,73
17,Rural,MEGHALAYA,Christian,7,50756,26302
17,Rural,MEGHALAYA,Christian,8,49969,33950
17,Rural,MEGHALAYA,Christian,9,47172,35453
17,Rural,MEGHALAYA,Christian,10,54891,43029
17,Rural,MEGHALAYA,Christian,11,49058,41336
17,Rural,MEGHALAYA,Christian,12,49611,43396
17,Rural,MEGHALAYA,Christian,13,45750,40705
17,Rural,MEGHALAYA,Christian,14,45162,40361
17,Rural,MEGHALAYA,Christian,15,43919,38865
17,Rural,MEGHALAYA,Christian,16,42446,37575
17,Rural,MEGHALAYA,Christian,17,37984,33168
17,Rural,MEGHALAYA,Christian,18,40503,34687
17,Rural,MEGHALAYA,Christian,19,33406,28265
17,Rural,MEGHALAYA,Christian,20-24,168128,136369
17,Rural,MEGHALAYA,Christian,25-29,145643,111083
17,Rural,MEGHALAYA,Christian,30-34,108745,78887
17,Rural,MEGHALAYA,Christian,35-59,336159,205373
17,Rural,MEGHALAYA,Christian,60+,82687,36826
17,Rural,MEGHALAYA,Christian,Age not stated,3877,2383
17,Rural,MEGHALAYA,Sikh,7,10,5
17,Rural,MEGHALAYA,Sikh,8,17,13
17,Rural,MEGHALAYA,Sikh,9,14,10
17,Rural,MEGHALAYA,Sikh,10,8,4
17,Rural,MEGHALAYA,Sikh,11,14,13
17,Rural,MEGHALAYA,Sikh,12,16,16
17,Rural,MEGHALAYA,Sikh,13,7,7
17,Rural,MEGHALAYA,Sikh,14,11,10
17,Rural,MEGHALAYA,Sikh,15,9,7
17,Rural,MEGHALAYA,Sikh,16,13,13
17,Rural,MEGHALAYA,Sikh,17,8,8
17,Rural,MEGHALAYA,Sikh,18,10,10
17,Rural,MEGHALAYA,Sikh,19,10,10
17,Rural,MEGHALAYA,Sikh,20-24,44,40
17,Rural,MEGHALAYA,Sikh,25-29,58,48
17,Rural,MEGHALAYA,Sikh,30-34,45,40
17,Rural,MEGHALAYA,Sikh,35-59,198,161
17,Rural,MEGHALAYA,Sikh,60+,24,11
17,Rural,MEGHALAYA,Sikh,Age not stated,1,1
17,Rural,MEGHALAYA,Buddhist,7,288,138
17,Rural,MEGHALAYA,Buddhist,8,208,138
17,Rural,MEGHALAYA,Buddhist,9,224,150
17,Rural,MEGHALAYA,Buddhist,10,308,216
17,Rural,MEGHALAYA,Buddhist,11,238,193
17,Rural,MEGHALAYA,Buddhist,12,223,191
17,Rural,MEGHALAYA,Buddhist,13,187,164
17,Rural,MEGHALAYA,Buddhist,14,196,169
17,Rural,MEGHALAYA,Buddhist,15,162,136
17,Rural,MEGHALAYA,Buddhist,16,152,132
17,Rural,MEGHALAYA,Buddhist,17,114,92
17,Rural,MEGHALAYA,Buddhist,18,134,114
17,Rural,MEGHALAYA,Buddhist,19,98,81
17,Rural,MEGHALAYA,Buddhist,20-24,486,411
17,Rural,MEGHALAYA,Buddhist,25-29,395,305
17,Rural,MEGHALAYA,Buddhist,30-34,258,172
17,Rural,MEGHALAYA,Buddhist,35-59,770,440
17,Rural,MEGHALAYA,Buddhist,60+,239,98
17,Rural,MEGHALAYA,Buddhist,Age not stated,23,10
17,Rural,MEGHALAYA,Jain,7,9,3
17,Rural,MEGHALAYA,Jain,8,7,4
17,Rural,MEGHALAYA,Jain,9,6,3
17,Rural,MEGHALAYA,Jain,10,9,6
17,Rural,MEGHALAYA,Jain,11,9,8
17,Rural,MEGHALAYA,Jain,12,10,10
17,Rural,MEGHALAYA,Jain,13,9,8
17,Rural,MEGHALAYA,Jain,14,11,9
17,Rural,MEGHALAYA,Jain,15,4,4
17,Rural,MEGHALAYA,Jain,16,4,3
17,Rural,MEGHALAYA,Jain,17,2,2
17,Rural,MEGHALAYA,Jain,18,5,3
17,Rural,MEGHALAYA,Jain,19,4,3
17,Rural,MEGHALAYA,Jain,20-24,16,13
17,Rural,MEGHALAYA,Jain,25-29,23,14
17,Rural,MEGHALAYA,Jain,30-34,16,12
17,Rural,MEGHALAYA,Jain,35-59,55,35
17,Rural,MEGHALAYA,Jain,60+,19,11
17,Rural,MEGHALAYA,Jain,Age not stated,1,0
17,Rural,MEGHALAYA,Other religions and persuasions,7,6911,3154
17,Rural,MEGHALAYA,Other religions and persuasions,8,6874,4372
17,Rural,MEGHALAYA,Other religions and persuasions,9,6437,4548
17,Rural,MEGHALAYA,Other religions and persuasions,10,7127,5374
17,Rural,MEGHALAYA,Other religions and persuasions,11,6467,5123
17,Rural,MEGHALAYA,Other religions and persuasions,12,6414,5155
17,Rural,MEGHALAYA,Other religions and persuasions,13,5939,4853
17,Rural,MEGHALAYA,Other religions and persuasions,14,5763,4712
17,Rural,MEGHALAYA,Other religions and persuasions,15,5514,4376
17,Rural,MEGHALAYA,Other religions and persuasions,16,5075,3958
17,Rural,MEGHALAYA,Other religions and persuasions,17,4478,3343
17,Rural,MEGHALAYA,Other religions and persuasions,18,4645,3341
17,Rural,MEGHALAYA,Other religions and persuasions,19,4011,2789
17,Rural,MEGHALAYA,Other religions and persuasions,20-24,20063,13165
17,Rural,MEGHALAYA,Other religions and persuasions,25-29,17606,10510
17,Rural,MEGHALAYA,Other religions and persuasions,30-34,13064,7196
17,Rural,MEGHALAYA,Other religions and persuasions,35-59,42055,17000
17,Rural,MEGHALAYA,Other religions and persuasions,60+,10972,2506
17,Rural,MEGHALAYA,Other religions and persuasions,Age not stated,282,138
17,Urban,MEGHALAYA,Hindu,7,2337,1860
17,Urban,MEGHALAYA,Hindu,8,2234,2035
17,Urban,MEGHALAYA,Hindu,9,2478,2333
17,Urban,MEGHALAYA,Hindu,10,2615,2469
17,Urban,MEGHALAYA,Hindu,11,2753,2652
17,Urban,MEGHALAYA,Hindu,12,2623,2539
17,Urban,MEGHALAYA,Hindu,13,2674,2594
17,Urban,MEGHALAYA,Hindu,14,2736,2654
17,Urban,MEGHALAYA,Hindu,15,2861,2735
17,Urban,MEGHALAYA,Hindu,16,2862,2726
17,Urban,MEGHALAYA,Hindu,17,2788,2688
17,Urban,MEGHALAYA,Hindu,18,3195,3041
17,Urban,MEGHALAYA,Hindu,19,3109,2937
17,Urban,MEGHALAYA,Hindu,20-24,16470,15523
17,Urban,MEGHALAYA,Hindu,25-29,16548,15332
17,Urban,MEGHALAYA,Hindu,30-34,13984,12750
17,Urban,MEGHALAYA,Hindu,35-59,45882,39652
17,Urban,MEGHALAYA,Hindu,60+,8310,6296
17,Urban,MEGHALAYA,Hindu,Age not stated,199,169
17,Urban,MEGHALAYA,Muslim,7,285,216
17,Urban,MEGHALAYA,Muslim,8,256,221
17,Urban,MEGHALAYA,Muslim,9,265,240
17,Urban,MEGHALAYA,Muslim,10,310,275
17,Urban,MEGHALAYA,Muslim,11,294,271
17,Urban,MEGHALAYA,Muslim,12,273,251
17,Urban,MEGHALAYA,Muslim,13,275,253
17,Urban,MEGHALAYA,Muslim,14,270,247
17,Urban,MEGHALAYA,Muslim,15,300,273
17,Urban,MEGHALAYA,Muslim,16,331,307
17,Urban,MEGHALAYA,Muslim,17,309,280
17,Urban,MEGHALAYA,Muslim,18,399,360
17,Urban,MEGHALAYA,Muslim,19,328,289
17,Urban,MEGHALAYA,Muslim,20-24,1899,1649
17,Urban,MEGHALAYA,Muslim,25-29,1831,1577
17,Urban,MEGHALAYA,Muslim,30-34,1337,1112
17,Urban,MEGHALAYA,Muslim,35-59,3890,3026
17,Urban,MEGHALAYA,Muslim,60+,659,442
17,Urban,MEGHALAYA,Muslim,Age not stated,17,16
17,Urban,MEGHALAYA,Christian,7,8248,6233
17,Urban,MEGHALAYA,Christian,8,8268,7521
17,Urban,MEGHALAYA,Christian,9,8009,7405
17,Urban,MEGHALAYA,Christian,10,9762,9200
17,Urban,MEGHALAYA,Christian,11,9414,9086
17,Urban,MEGHALAYA,Christian,12,9709,9448
17,Urban,MEGHALAYA,Christian,13,9524,9277
17,Urban,MEGHALAYA,Christian,14,10245,9950
17,Urban,MEGHALAYA,Christian,15,10330,10022
17,Urban,MEGHALAYA,Christian,16,10941,10641
17,Urban,MEGHALAYA,Christian,17,10088,9778
17,Urban,MEGHALAYA,Christian,18,10801,10436
17,Urban,MEGHALAYA,Christian,19,9399,9057
17,Urban,MEGHALAYA,Christian,20-24,45332,43319
17,Urban,MEGHALAYA,Christian,25-29,37877,35536
17,Urban,MEGHALAYA,Christian,30-34,28983,26800
17,Urban,MEGHALAYA,Christian,35-59,82544,72087
17,Urban,MEGHALAYA,Christian,60+,18499,13463
17,Urban,MEGHALAYA,Christian,Age not stated,723,644
17,Urban,MEGHALAYA,Sikh,7,43,28
17,Urban,MEGHALAYA,Sikh,8,34,31
17,Urban,MEGHALAYA,Sikh,9,42,38
17,Urban,MEGHALAYA,Sikh,10,48,44
17,Urban,MEGHALAYA,Sikh,11,45,43
17,Urban,MEGHALAYA,Sikh,12,56,55
17,Urban,MEGHALAYA,Sikh,13,63,62
17,Urban,MEGHALAYA,Sikh,14,49,49
17,Urban,MEGHALAYA,Sikh,15,47,44
17,Urban,MEGHALAYA,Sikh,16,61,59
17,Urban,MEGHALAYA,Sikh,17,58,55
17,Urban,MEGHALAYA,Sikh,18,56,54
17,Urban,MEGHALAYA,Sikh,19,68,62
17,Urban,MEGHALAYA,Sikh,20-24,262,233
17,Urban,MEGHALAYA,Sikh,25-29,262,225
17,Urban,MEGHALAYA,Sikh,30-34,193,162
17,Urban,MEGHALAYA,Sikh,35-59,666,495
17,Urban,MEGHALAYA,Sikh,60+,125,74
17,Urban,MEGHALAYA,Sikh,Age not stated,2,1
17,Urban,MEGHALAYA,Buddhist,7,52,47
17,Urban,MEGHALAYA,Buddhist,8,53,51
17,Urban,MEGHALAYA,Buddhist,9,55,50
17,Urban,MEGHALAYA,Buddhist,10,63,58
17,Urban,MEGHALAYA,Buddhist,11,62,59
17,Urban,MEGHALAYA,Buddhist,12,67,66
17,Urban,MEGHALAYA,Buddhist,13,69,67
17,Urban,MEGHALAYA,Buddhist,14,64,63
17,Urban,MEGHALAYA,Buddhist,15,84,81
17,Urban,MEGHALAYA,Buddhist,16,56,56
17,Urban,MEGHALAYA,Buddhist,17,48,47
17,Urban,MEGHALAYA,Buddhist,18,77,75
17,Urban,MEGHALAYA,Buddhist,19,71,67
17,Urban,MEGHALAYA,Buddhist,20-24,395,380
17,Urban,MEGHALAYA,Buddhist,25-29,339,329
17,Urban,MEGHALAYA,Buddhist,30-34,312,287
17,Urban,MEGHALAYA,Buddhist,35-59,883,775
17,Urban,MEGHALAYA,Buddhist,60+,222,144
17,Urban,MEGHALAYA,Buddhist,Age not stated,6,6
17,Urban,MEGHALAYA,Jain,7,7,5
17,Urban,MEGHALAYA,Jain,8,4,4
17,Urban,MEGHALAYA,Jain,9,5,5
17,Urban,MEGHALAYA,Jain,10,4,3
17,Urban,MEGHALAYA,Jain,11,8,8
17,Urban,MEGHALAYA,Jain,12,6,6
17,Urban,MEGHALAYA,Jain,13,7,7
17,Urban,MEGHALAYA,Jain,14,1,1
17,Urban,MEGHALAYA,Jain,15,3,3
17,Urban,MEGHALAYA,Jain,16,11,11
17,Urban,MEGHALAYA,Jain,17,7,7
17,Urban,MEGHALAYA,Jain,18,6,6
17,Urban,MEGHALAYA,Jain,19,7,7
17,Urban,MEGHALAYA,Jain,20-24,31,30
17,Urban,MEGHALAYA,Jain,25-29,34,32
17,Urban,MEGHALAYA,Jain,30-34,25,25
17,Urban,MEGHALAYA,Jain,35-59,133,131
17,Urban,MEGHALAYA,Jain,60+,24,23
17,Urban,MEGHALAYA,Jain,Age not stated,1,1
17,Urban,MEGHALAYA,Other religions and persuasions,7,460,356
17,Urban,MEGHALAYA,Other religions and persuasions,8,455,433
17,Urban,MEGHALAYA,Other religions and persuasions,9,521,488
17,Urban,MEGHALAYA,Other religions and persuasions,10,598,568
17,Urban,MEGHALAYA,Other religions and persuasions,11,575,561
17,Urban,MEGHALAYA,Other religions and persuasions,12,602,589
17,Urban,MEGHALAYA,Other religions and persuasions,13,652,642
17,Urban,MEGHALAYA,Other religions and persuasions,14,637,621
17,Urban,MEGHALAYA,Other religions and persuasions,15,632,614
17,Urban,MEGHALAYA,Other religions and persuasions,16,693,675
17,Urban,MEGHALAYA,Other religions and persuasions,17,661,634
17,Urban,MEGHALAYA,Other religions and persuasions,18,677,651
17,Urban,MEGHALAYA,Other religions and persuasions,19,584,570
17,Urban,MEGHALAYA,Other religions and persuasions,20-24,2878,2732
17,Urban,MEGHALAYA,Other religions and persuasions,25-29,2459,2294
17,Urban,MEGHALAYA,Other religions and persuasions,30-34,1975,1798
17,Urban,MEGHALAYA,Other religions and persuasions,35-59,5762,4917
17,Urban,MEGHALAYA,Other religions and persuasions,60+,1501,972
17,Urban,MEGHALAYA,Other religions and persuasions,Age not stated,35,26
